rank,name,price,sales7,gmv7,sales_total,gmv_total,commission,listed_days,shop,category,rating,reviews,sales_growth,source
,Elegant Silver Snake Chain Necklace – Timeless Style for Every Occasion Summervibes,9.49,18600.0,195800.0,103200.0,1158200.0,11.0,,SunnySide Studio,项链,,,-5.06,products_sales_us.csv
,Anxiety Rings for Women and Men Titanium Steel Spinner Fidget Band Rings with Cubic Zirconia for Stress Relief and Wedding Promise Comfort Fit Size 5 to 12,9.3,17000.0,178500.0,69600.0,731000.0,10.0,,Senpeo,戒指,,,135.27,products_sales_us.csv
,"Fashion Geometric Double-Beam Sunglasses - 2026 Fall/Summer Trend, High-Quality Lightweight Durable Metal-Framed Sunglasses, Funky Fashionable Frames Men's Accessory, Boyfriend Birthday Gift, Gifts for Boyfriend, Lightweight Durable Sunglasses, High Quali",,13000.0,183500.0,161200.0,2115000.0,10.0,,Zen Zest,镜框与镜片,,,-29.94,products_sales_us.csv
4,〖Summer Vibes〗3 PCS Retro Oval Sunglasses for Women Chic Cat Eye 90s Sunnies Lightweight Narrow Shades Trendy UV Protection Sunglasses Vintage Rich Girl Sunglasses Women Sunglasseswomen,11.9,12500.0,168900.0,62600.0,844100.0,15.0,,TS Fashion Boutique,太阳镜,,,15.29,products_sales_us.csv
5,"Kimorn Fashion Glasses for Women, High Quality Lightweight Square Frames with Blue Light Blocking & UV400 Protection, Gifts for Women, High Quality Eyewear, Accessories For Women",,11200.0,172000.0,42500.0,587400.0,15.0,,AE Glasses,镜框与镜片,,,97.59,products_sales_us.csv
6,"Women's Elegant Chic Geometric Print Robe Set, Casual Fitted Long Dress & Scarf, Beach Resort Wear Sun Protection Satin Matching Set Shawl",,10300.0,89100.0,30300.0,346300.0,8.0,,kkher,围巾&围脖,,,7622.39,products_sales_us.csv
7,Summervibes Dreamlover Brown Black Wig Grip Band 2pcs for Women Adjustable Headband for Keeping Wigs in Place Non Slip Comfortable Breathable Hair Styling Tool,10.0,10300.0,130700.0,49700.0,588800.0,10.0,,Dreamlover Online,接发与假发配件,,,2141.52,products_sales_us.csv
8,FREEKISS Chunky Cuban Link Chain Anklet for Women Waterproof Anklet Adjustable Length 8.5+2 Inch Fashion Chic Accessories Stackable Anklet Trendy Layered Anklet Set Jewelry Gift Suitable for Summer Beach Vacations backtoschool,,9824.0,129400.0,74400.0,989900.0,13.0,,FREEKISS OFFICIAL,脚链,,,-36.59,products_sales_us.csv
9,"Women's Fashion Floral Print Shawl, Breathable Beach Cover-Up, Geometric Pattern, All-Season Fitted Wrap, Summer Essential",5.6,9211.0,58900.0,20900.0,144300.0,8.0,,kkher,围巾&围脖,,,42.98,products_sales_us.csv
10,"EUNOIALENS Rimless High Quality Eyewear, Frameless Glasses with Diamond-Cut Edges, Stainless Steel Fashion Temple Decor, Unisex Adults' Accessories for Daily Use, Mens Gifts. summerwins,summerwins, Father's Day Gifts,summer outifit,travel essentials",,9091.0,109200.0,93400.0,1191600.0,15.0,,DS high quality goods,镜框与镜片,,,48.86,products_sales_us.csv
11,"【FitOver Sunglasses】1/2Pcs Women's Fit Over Prescription Sunglasses - Oversized Square Full-Rim Plastic Frames Mirrored Polarized , UV400 Protection, Trendy Sunglasses, Unisex Fashion Accessory for Summer Wins, Accessories for Women The Choice of Gifts",9.2,8643.0,91900.0,27800.0,329100.0,17.0,,Huixin Fashion,太阳镜,,,-11.97,products_sales_us.csv
12,Unisex Plain Color Multifunctional Skull Caps 2026 Summer Sportive Beanie Fitted Hat for Men Women Stretchy Helmet Liner Biking Accessory Back To School Birthday Outfit Machine Washable Polyamide SpringStatements Fitting Outdoor Hat,,8267.0,71200.0,69800.0,440700.0,15.0,,love home-based,帽子,,,33.71,products_sales_us.csv
13,"Headbands for Women, 4-Piece Elegant Butterfly Set with Wavy Crystal Design, Lightweight & Non-Slip Girly Feminine Accessories for Parties, Women's Fashion, Accessories For Women",,8212.0,79000.0,19800.0,191500.0,15.0,,JJBD Shop,发带发箍,,,39.75,products_sales_us.csv
14,[Random Color] OQ 1 Count Cute Colorful Hair Clips,19.9,8210.0,163300.0,10700.0,213600.0,3.0,,OQ HAIR SHOP,真人发前蕾丝头套,,,422.93,products_sales_us.csv
15,TEWIKY (NINI) Necklace 14K Gold Plated Jewelry Exclusive NINI,17.99,8159.0,146700.0,9282.0,166900.0,,,Tewiky,项链,,,2531.94,products_sales_us.csv
16,"Retro Chunky Square Sunglasses 2 Pack for Men Women, Thick Black & Clear Plastic Frame with Metal Details, UV400 Anti-Glare PC Lenses, Trendy 90s Y2K Shades for Beach Party Travel Gifts",12.0,8082.0,110300.0,97800.0,1370100.0,15.0,,DS high quality goods,太阳镜,,,40.65,products_sales_us.csv
17,"EUNOIALENS Fit-Over Sunglasses Women's Oversized Full-Rim Plastic Fit-Over Sunglasses - Polarized UV400 UV-Protection Lenses, Lightweight, Bold Look, Ideal for Vacation, Women's Gifts, Sunglasses For Women, Accessories For Women",9.9,8076.0,88100.0,29100.0,330000.0,15.0,,DS high quality goods,太阳镜,,,-18.13,products_sales_us.csv
18,"Cute Hair Clip Decor Hairband, Novelty Multifunction Hair Hoop with Clips, Hair Accessories for Women, Hairstyle Accessory, Minimalist Headwear, Trendy Hair Hoop, Minimalist Hair Hoops, mothers day gift, Hairclip Headband, Fashion Headbands",,8071.0,12800.0,33200.0,57400.0,8.0,,Chic Pendants,发带发箍,,,32.59,products_sales_us.csv
19,"JBEXTENSION 1 Pieces Black Wig Cap, Wig Caps for Women Lace Front Wig Stocking Caps for Wigs Wig Cap Black Wig Cap 1 Pcs",6.99,8024.0,60700.0,34500.0,255500.0,10.0,,Jbextension.usa,化纤前蕾丝头套,,,-21.52,products_sales_us.csv
20,"JBextension 1 Pieces Beige Wig Cap, Wig Caps for Women Lace Front Wig Stocking Caps for Wigs Nude Wig Cap Beige Wig Cap 1 Pcs",6.29,7992.0,56600.0,119200.0,834900.0,10.0,,Jbextension.usa,化纤前蕾丝头套,,,-22.11,products_sales_us.csv
21,"Magnetic Glasses Holder - Premium Strength Magnetic Hold - Fits All Frames - Lifetime Warranty - Made in USA - Secures and Protects Readers, Sunglasses, Blue Light Glasses, or Safety Glasses - Badge Holder Accessory",,7935.0,77700.0,10500.0,104000.0,20.0,,Readerest,眼镜盒与配件,,,259.05,products_sales_us.csv
22,Astra | Modern Flat-Lens Cat-Eye Sunglasses For Women,49.0,7277.0,309700.0,11200.0,488400.0,15.0,,WMP Eyewear,太阳镜,,,116.64,products_sales_us.csv
23,"Women's Elegant Chic Style All Over Print Long Dress & Scarf, Beach Sun Protection Fitted Matching Set for Summer Womenswear",7.4,7091.0,62300.0,15300.0,200800.0,8.0,,Trendy Moo,围巾&围脖,,,53.32,products_sales_us.csv
24,"5 Pairs Y2K Street Style Women's Plastic, Trendy Casual Leopard Pattern Sunglasses, Fashionable Sunglasses, Trendy Shades, Trendy Fashion Shades, Perfect for Beach Vacations, Driving and Night Out",4.0,7011.0,34700.0,50500.0,305000.0,8.0,,Zoravia,太阳镜,,,-29.46,products_sales_us.csv
25,"Unisex Statement Sunglasses - Colorful Mirrored 1-Piece Rubber Shield Design, Windproof UV400 Shield, Outdoor Sports Eyewear Statement Pieces for Outfits for Beach, Driving",,6933.0,69300.0,16300.0,161300.0,11.0,,Urban Optic Shop,镜框与镜片,,,79.01,products_sales_us.csv
26,"GANIA Double-Layer 26-Letter Gold-Tone Chain Heart-Shaped Anklet with a heart-shaped pendant; featuring an adjustable design, it is perfect for women. It’s a summer must-have and an ideal Valentine’s Day gift.",14.0,6720.0,98400.0,24100.0,340700.0,10.0,,GANIA,脚链,,,-7.64,products_sales_us.csv
27,Rings,2.0,6425.0,12800.0,6712.0,13400.0,,,OnJewelry,戒指,,,2138.68,products_sales_us.csv
28,"Women's Peacock Print Cape Shawl & Scarf Set, Elegant Beach Cover-Up For Holiday Vacation, Swimsuit Cover Up",,6246.0,60500.0,230100.0,2769100.0,8.0,,IROJEFF,围巾&围脖,,,697.7,products_sales_us.csv
29,"Stylish Aviator Sunglasses for Men and Women , Trendy Rectangle, Fashionable Design, Perfect for Outdoor Activities and Daily Wear",,6223.0,85400.0,26200.0,359200.0,15.0,,StarH,太阳镜,,,-45.92,products_sales_us.csv
30,"EUNOIALENS 70s Vintage Oversized Aviation Sunglasses - Unisex Thick Frame Anti UV Glasses, UV400 Shield, Women's Fashion Accessories, Summer Sun Protective Eyewear, Men's Sunglasses, Gifts For Women, Glasses For Women",,6171.0,70900.0,15800.0,180900.0,15.0,,DS high quality goods,太阳镜,,,60.79,products_sales_us.csv
31,"Women's Retro Aviator Sunglasses - 2026 New Multi-Color Gradient Shades, Smaller Fit Casual Street-Style Outdoor Sunglasses for Female, Stylish Accessories for Women, Sunglasses For Women, Womens Sunglasses",,6082.0,58800.0,26900.0,266100.0,12.0,,Halo Daily Shop,太阳镜,,,-45.27,products_sales_us.csv
32,Blush Theme Scruchies Velvet Elastics for Women Free Gifts,19.99,6059.0,128900.0,9202.0,198100.0,11.5,,Cute Bein Hair Shop,接发与假发配件,,,4866.39,products_sales_us.csv
33,"U Shape Hair Finishing Fixer Comb, 3 Pieces Bobby Bangs Holder Styling Tool Stretchable Hair Pin U Shape Wavy Comb Clips Spring Headband Circle Styling Black Pins Bun Hairpins for Women Girl",,5882.0,44300.0,6169.0,46400.0,8.0,,Findry,发夹发簪,,,,products_sales_us.csv
34,"LOLIAS 14K Chunky Gold Hoop Earrings for Women 925 Sterling Silver Post Hollow Tube Hoops Earrings 4mm Thick Hoop Earrings Hypoallergenic Lightweight Gold Big Large Hoop Earrings 25/30/40/50/60/70MM, Gold Jewelry, Accessories",,5647.0,74700.0,11000.0,152300.0,12.0,,LOLIAS JEWELRY,耳环,,,323.95,products_sales_us.csv
35,Pay Difference/ Table Mix Charm (Pack in live),,5505.0,22800.0,54100.0,750400.0,12.0,,Bella Charms,首饰吊件及装饰,,,-3.84,products_sales_us.csv
36,"Love in Faith Women's Cross Bead - Gold Rings, Adjustable Lightweight Gold-Plated Brass, One Size Fits All, Luxe Comfortable Jewelry for Women, Christmas Gift",9.95,5502.0,43500.0,5518.0,43600.0,20.0,,Love in Faith,戒指,,,39200.0,products_sales_us.csv
37,Anchor Glasses Grips - 3 Pack - Anti Slip Eyeglass Holder Ear Grip Sunglasses Retainer Temple Tip Reading Glasses Holder,10.97,5437.0,62700.0,159300.0,1679300.0,15.0,,AnchorGlassesStraps,眼镜盒与配件,,,51.87,products_sales_us.csv
38,"1pc Arpurraina Money Attraction Bracelet with Green Aventurine & Tiger Eye beaded jewelry protection bracelet encouragement gift fashion artificial bracelet of the day Colorblock Beaded Crystal Bracelet ,Manifestation, Wealth Amulet, Good Fortune,",,5388.0,56500.0,113400.0,1136100.0,15.0,,Arpurraina,手环与手链,,,18.97,products_sales_us.csv
39,"Heavy-Duty Metal Keychain for Men, Waterproof Multi-Tool with Bottle Opener & Dual Clip, Cool Accessory for Outdoors & Camping, Great Father's Day Gifts, Gifts For Boyfriend, Tools And Gadgets, Men's Accessories, Mens Gifts",12.8,5381.0,66200.0,6499.0,79200.0,10.0,,Orion Box,钥匙扣,,,510.09,products_sales_us.csv
40,TEWIKY Dainty Layered Waterproof Anklet For Women Adjustable Womens Anklet Set Stackable Figaro Beaded Cuban Link Anklets Daily Clothing Decor For Beach Summer Trendy All-match & Exquisite Jewelry For Valentine's Day gifts,,5369.0,71400.0,103500.0,1313600.0,12.0,,Tewiky,脚链,,,-26.18,products_sales_us.csv
41,YADOCA 14K Plated Gold Filled Ring Initial Ring Dainty Simple Letter Band Rings Signet Stackable Pinky Alphabet Thin Thumb Rings for Women Non Tarnish Size 6 7 8 9 10,15.5,5306.0,90600.0,10300.0,174500.0,12.0,,YADOCA JEWELRY,戒指,,,772.7,products_sales_us.csv
42,"Geometric Acrylic Beaded Choker Necklace, Boho Style Heart Pendant, Lockbone Chain for Women, Summer Beach Wear",,5236.0,41800.0,6791.0,51100.0,8.0,,Sophisticated Chains,项链,,,271.61,products_sales_us.csv
43,[KooKaStyle] Clip in Long Wavy Synthetic Hair Extension 24 Inch Pearl Blonde 4PCS Thick Hairpieces Fiber Double Weft Hair for Women 613,,5218.0,93200.0,7697.0,147600.0,5.0,,kookastyle hair extensions,化纤接发&发片,,,3101.23,products_sales_us.csv
44,"EunoiaLens Unisex Oval Non-Prescription Glasses 2-Pack - Black & Clear Full Rim Minimalist Chic Frames, Stainless Steel, Oval Shape Flatters Face, Shared Style Fit, Classic Fashion Accessory, Summer Outfit Travel Essential Gift Set",,5155.0,64700.0,18300.0,236200.0,15.0,,DS high quality goods,镜框与镜片,,,65.76,products_sales_us.csv
45,Dearmay Gold Initial Anklets for Women 14K Gold Plated Ankle Bracelet with Letter Pendant Waterproof Adjustable Anklet Set Stackable Personalized Jewelry Summer Beach Accessories Gift for Girls,11.99,5064.0,65300.0,12900.0,169600.0,12.0,,Dearmay,脚链,,,-2.05,products_sales_us.csv
46,#350 Ginger 13x6 Lace Front Wigs Ginger Orange Body Wave HD Lace Wig Straight Human Hair Wigs With Natural Hairline,19.99,4941.0,107400.0,21800.0,486500.0,1.0,,Cute Bein Hair Shop,接发与假发配件,,,361.78,products_sales_us.csv
47,20G(0.8mm)/18G(1.0mm) 8mm Horseshoe Nose Hoop Internally Threaded Gems Nose Ring with Free Ball Holder | Caution: Avoid Overtightening; Pre-Tighten with Provided Tool then Complete Tightening by Hand,,4939.0,52100.0,93600.0,1335000.0,10.0,,Neeyer Beauty USA,身体饰品,,,27.52,products_sales_us.csv
48,"Glitter Sand Dumpling Keychain, Whimsical Kawaii Steamed Bun Bag Charm for Backpack Purse, Girly Feminine Items Keychains for Women, Mini Gifts for Girls, Bag Charms For Purse, Whimsy, Teenage Girls Gifts",3.0,4932.0,14800.0,6770.0,20700.0,14.0,,Gubercen,钥匙扣,,,168.48,products_sales_us.csv
49,"Creative Slogan Metal Keychain, Stainless Steel Key Ring with Long Bar Pendant for Car Keys, Cute Fashion Accessory for Men and Women, Perfect Valentine's Day Gift and Keychain for Bags",10.99,4920.0,49700.0,9386.0,91200.0,5.0,,Koeyra,钥匙扣,,,115.98,products_sales_us.csv
50,"32 Inch Super Long Glueless Headband Half Wig for Women, Daily Wear Wig, Synthetic Wigs, Synthetic Straight Hair, Heat Resistant Fiber, Suitable for Daily & Party Use",27.8,4912.0,111300.0,9942.0,205800.0,8.0,,Fancee Hair,化纤全机制头套,,,80.65,products_sales_us.csv
51,Setex® Eyeglass Nose Pads,,4816.0,74800.0,7512.0,119000.0,20.0,,Setexgrip,眼镜盒与配件,,,78.83,products_sales_us.csv
52,Tewiky(NINI) Bracelet 14K Gold Plated Jewelry Exclusive NINI,17.99,4705.0,84600.0,5331.0,95900.0,,,Tewiky,手环与手链,,,2009.87,products_sales_us.csv
53,"Tasiso Women's Floating Cubic Zirconia Pendant Necklace on Invisible Transparent Cord, Minimalist Choker Adjustable Length, Everyday Layering Jewelry, For Woman,Gift,summeroutfits,vacationoutfits,beachoutfits,Thick Clear Invisible Fishing Line",12.49,4701.0,63800.0,11400.0,155200.0,10.0,,Tasiso,项链,,,2046.58,products_sales_us.csv
54,"Sports Ball & Gold Trophy Keychain Set, Mini Bag Charm Pendant for Backpack, Handbag, Keys and Party Gifts",,4677.0,44300.0,11400.0,111300.0,10.0,,GoGe Goods,钥匙扣,,,-14.14,products_sales_us.csv
55,"Fashion Metal Square Frame Flat Lens Outdoor Versatile Anti-Blue Light Trendy Casual Glasses, Square Frame Eyewear, Square Frames Eyeglasses, Casual Style, All Seasons, Plain Pattern",2.71,4599.0,15300.0,16400.0,89700.0,8.0,,Zanobia,镜框与镜片,,,48.12,products_sales_us.csv
56,"Kitsch Banana Clip 2pc - Black & Tort, Made of Black Plastic with Tornado Design, Ideal for Food Storage",11.1,4564.0,52600.0,29900.0,334300.0,17.0,,Kitsch,发夹发簪,,,-17.21,products_sales_us.csv
57,"Maneja Con Cuidado Te Necesito Aquí Conmigo Keychain with Cross & ""I Love You"" Charm, Spanish Drive Safe Stainless Steel Keyring, Romantic Religious Gift for Him/Her Adjustable Heart Rate Couples Bracelet Set Rotating Retractable Reading Badge Holder",9.49,4556.0,39600.0,13800.0,129100.0,14.5,,Senpeo,钥匙扣,,,-51.18,products_sales_us.csv
58,Tewiky (K) 14K Gold Plated Jewelry Exclusive K,1.0,4532.0,4532.0,7871.0,7871.0,,,Tewiky,项链,,,42.52,products_sales_us.csv
60,6pcs Value Pack 316L medical-grade titanium steel 18G 1.0mm Horseshoe Nose Hoop Internally Threaded Gems Nose Ring with Free Ball Holder & Guiding Needle,12.9,4511.0,62500.0,38500.0,512700.0,10.0,,BabyQueen,身体饰品,,,-20.82,products_sales_us.csv
61,【FitOver Sunglasses】SIPHEW Mirrored Sunglasses Polarized Fit Over Glasses for Women Men for Driving - Trendy Large Square Oversized UV400 Protection Sun Glasses,14.0,4453.0,74800.0,42800.0,670200.0,15.0,,Global EyeWear Selection,太阳镜,,,-30.56,products_sales_us.csv
62,Zlzlblbl Hairline Brush for Human Hair Wigs Edge Control & Teasing Comb for Women's Styling(Random Color),19.99,4431.0,95400.0,14600.0,307300.0,1.0,,Zlzlblbl Hair Factory Store,发饰套装,,,110.1,products_sales_us.csv
63,Zlzlblbl Hair Elastic Band for Human Hair Wig Edge(Random Color),19.99,4431.0,96700.0,14700.0,308800.0,1.0,,Zlzlblbl Hair Factory Store,头绳,,,31.95,products_sales_us.csv
64,Zlzlblbl Natural Thick False Eyelashes For Women Randomly Send Out One,19.99,4431.0,95700.0,14600.0,305500.0,1.0,,Zlzlblbl Hair Factory Store,头绳,,,110.5,products_sales_us.csv
65,Zlzlblbl 1 Piece Silk Satin Hair Ties Ponytail Holder For Women Randomly Send Out One,19.99,4431.0,97300.0,14700.0,309800.0,1.0,,Zlzlblbl Hair Factory Store,头绳,,,31.95,products_sales_us.csv
66,Zlzlblbl Wig Cap for Women HD Lace Front Wigs 2 Pieces,19.99,4431.0,97000.0,14800.0,309200.0,1.0,,Zlzlblbl Hair Factory Store,接发与假发配件,,,142.26,products_sales_us.csv
67,"HAILTH Pro Elastic No Buckle Invisible Belt for Men and Women(2 Pack) - Multiple Color & Fit Options, Patented Buckle-Free Design, Gift Box Included - for Summer Vibes, Outdoor Fun,summerwins tiktokshopbacktoschool",,4428.0,55900.0,86700.0,1117500.0,12.0,,HAILTH,皮带,,,-9.89,products_sales_us.csv
68,"QVR 1Pcs Latch Hook Tool, Latch Hook Crochet Needle for Micro Braids, Hair Extension, Feather and Carpet",35.0,4416.0,169900.0,31200.0,986300.0,3.0,,qvr hair,真人发接发&发片,,,820.0,products_sales_us.csv
69,Heather Gray Set & Flow Active Curling Headband – Kitsch Heatless Hair Curler for Soft Waves & Curls,20.6,4382.0,125700.0,11800.0,324800.0,17.0,,Kitsch,卷发器,,,-5.64,products_sales_us.csv
70,"Vibrant Beach Shawl, Loose Fit, Sun Protection, Casual Style, Perfect for Vacation & Daily Wear, Embrace Summer Comfort, Beach Coverups",9.87,4371.0,49900.0,4601.0,52600.0,8.0,,IROJEFF Shop,围巾&围脖,,,5728.0,products_sales_us.csv
71,"[KooKaStyle] Clip-In Synthetic Hair Extensions Long Wavy 4PCS Thick Hairpieces, 220g Double Weft Extensions for Women, 24 Inch Black Natural Blend",,4319.0,99100.0,111800.0,2351500.0,5.0,,kookastyle hair extensions,化纤接发&发片,,,6.69,products_sales_us.csv
72,"ShineThru Unisex Retro Square Frame Sunglasses - 1 Pair PC Plastic Semi-Rimless Double Beam, UV-Protection Lens, Stylish Fashion Accessory, Women's Gift, Party Use",10.9,4283.0,50600.0,14500.0,161800.0,13.0,,ShineThru,太阳镜,,,169.2,products_sales_us.csv
73,"Women's Colorblock Print Long Scarf & Poncho Set, Casual Soft Comfortable Shawl for Beach Vacation, Beach Cover Up, Beachwear Cover Up, Swimwear Coverups, Swimsuit Coverups, Fashion Accessories for Women & Girls",6.98,4279.0,31900.0,57900.0,726700.0,8.0,,IROJEFF,围巾&围脖,,,598.04,products_sales_us.csv
74,"Genuine Cowhide Men's Accessories, Classic Adjustable Strap for Jeans with Durable Design - Excellent for Father's Day Gifts & Gifts for Boyfriend, Durable Belts, Classic Belt, Guys Gifts",,4261.0,78200.0,13100.0,240300.0,10.0,,VATAN SHOP,皮带,,,543.66,products_sales_us.csv
75,[Can be trimmed] Mens Belt Leather Ratchet Easy Release Belt For Men Designer Belt Dress and Casual with Adjustable Buckle for Men's Wear Gift/ fathersdaygift/ accessories men/business belt no hole Durable Belts Western Belts,,4227.0,54200.0,37600.0,713100.0,10.0,,FortuneAdorn,皮带,,,-31.82,products_sales_us.csv
76,Lush Haute Wear and Go Body Wave Headband Wig Synthetic Wavy Wig for Women Glueless Wig with Headband Attached Heat Friendly 22 inch,,4193.0,113200.0,24500.0,698800.0,10.0,,Lush Haute,化纤全机制头套,,,33.79,products_sales_us.csv
77,"Bling Hair Gifts 2 Pcs Wig Cap For Lace Front Wig, Invisible Stocking Caps Sheer Wig Cap, Transparent Wig Cap For Women",29.9,4164.0,136500.0,7975.0,262400.0,5.0,,Bling Hair Wigs Shop,发带发箍,,,30.94,products_sales_us.csv
78,"【2026】 Rechargeable Mini Keychain Flashlight ,Super Bright,1200 Lumens EDC Mini Flashlights, COB Keychain Work Light Flashlights 6 Light Modes, Bright Mini Keychain Light for Walking, Searching ,camping and Hiking boyfriend、family best gift",,4101.0,50100.0,26400.0,297300.0,12.0,,Beauty with Life,钥匙扣,,,406.92,products_sales_us.csv
79,Men’s Fashion & Business Watches,1.0,4063.0,4063.0,6061.0,6061.0,,,XanaduGems,中性表,,,,products_sales_us.csv
80,"2pcs Set Heart Shaped Cuban Chain Necklace Set for &,Hip Hop Style Choker Set,Luxurious Jewelry Set for Valentine's Day Gifts, Birthday,Everyday & Party Wear, for Teenager",11.8,4059.0,53300.0,13300.0,163000.0,5.0,,Vogue-Jewelry,首饰套装,,,-23.85,products_sales_us.csv
81,"100pcs Ultimate Hair Tie Set, Super Elastic Ponytail Holders, Soft Rubber Hair Bands, Fun Fashion Accessories for Women, Perfect Gift, Fashionable Hair Accessories, Elastic Hair Ties",1.83,4050.0,7832.8,8852.0,17600.0,8.0,,NanliAccessory,头绳,,,-0.32,products_sales_us.csv
82,Frodio Veralux™ Blend Human Hair Shaggy Waves 3-in-1 Half Wig#SohoChic,53.1,4027.0,217400.0,50300.0,2910800.0,5.0,,FRODIO,真人发前蕾丝头套,,,-18.78,products_sales_us.csv
83,"Hair Turban, 3-Piece Plain Microfiber Super Absorbent Towel for Women, Extra Soft Fast Dry Cap for Shiny Hair, Absorbent Quick Dry, Female, Three Pieces",,4025.0,59100.0,26900.0,483200.0,14.0,,JJBD Shop,帽子,,,113.75,products_sales_us.csv
84,"Kimorn Polarized Square Fit-Over Sunglasses for Men and Women, Lightweight Trendy Casual Frame with UV400 Protection for Driving & Outdoors, High Quality Sunglasses, Trendy Casual Sunglasses",18.99,4010.0,66700.0,18900.0,320300.0,15.0,,AE Glasses,太阳镜,,,-48.51,products_sales_us.csv
85,"YLNWH 18G Titanium Steel Nose Rings Set – Internally Threaded Horseshoe Hoop with Gems, Surgical Grade, Includes Insertion Tool",10.66,4006.0,48400.0,11100.0,135500.0,15.0,,Nuvilite,身体饰品,,,-23.71,products_sales_us.csv
86,2026 US SummerVibes | Tactical Metal Hook Elastic Belt (Unisex) - Patented No - Buckle Invisible Design / EDC / EveryDayCarry / Soft Adjustable Side Waist Belt Pocket belts for men,8.98,4005.0,43500.0,29900.0,353800.0,12.0,,FortuneAdorn,皮带,,,29.95,products_sales_us.csv
87,"Sunber Custom Wig Bonding Adhesive Backed Double-Sided Sticky Tape, Hair Extension Accessory",9.99,3988.0,50300.0,24200.0,270500.0,3.0,,Sunber Hair,接发与假发配件,,,750.32,products_sales_us.csv
88,"Women's Luxury 4-Pack Zircon Stud Earring Set - Gold/Silver, Round/Square Styles, Hypoallergenic Fit, Everyday Wear, Matching Backs, Complimentary Box - Accessories for Women, Premium Gifts, Gemstone stud earrings, Jewelry For Women",13.57,3963.0,61500.0,32300.0,476200.0,10.0,,LUNARA,耳环,,,-10.4,products_sales_us.csv
89,"Crystal Beaded Bracelets for Women and Men - Tiger Eye, Obsidian, Black Tourmaline Jewelry for Banquet Party - Money Attraction, Good Luck, Protection Bracelet Encouragement Gift for Her couple bracelet Daily Wear backtoschool",,3935.0,29600.0,8265.0,75700.0,13.0,,Charmed Matrix,手环与手链,,,757.3,products_sales_us.csv
90,2Pieces/Set 10mm Love Heart Shape Chain Necklace and Bracelet Men or Women Hip Hop Iced Out Bling Bling Chain Necklace and Bracelet Fashion Set Jewelry Valentines Gift,4.39,3932.0,24700.0,18500.0,128800.0,8.0,,ZIDOM Hiphop Store,首饰套装,,,-7.18,products_sales_us.csv
91,"Minimalist Mini Pouch Keychain Accessory - Cool Key Organizer for Storing Earbuds & Small Gadgets, Ideal Back to School Haul Gifts for Graduation, Party Favors & School Rewards, Cool Keychains, Unisex",1.0,3916.0,15300.0,4356.0,16400.0,12.0,,Gubercen,钥匙扣,,,790.0,products_sales_us.csv
92,Retro Y2K Oval Cat Eye Sunglasses for Women Fashion Vintage Trend Sun Shades,,3892.0,58700.0,5761.0,86000.0,15.0,,WM-XLX,太阳镜,,,130.3,products_sales_us.csv
93,"Women's Non-Slip small banana hair clip Set of 4,minibanana clip， stylish hair clip，secure hold，Vintage Oval Leopard Print, Amber and, Secure Ponytail Holders, Boho Style, All Seasons",2.11,3887.0,11400.0,9719.0,31400.0,8.0,,A3 hair tie,发夹发簪,,,0.08,products_sales_us.csv
94,"New Trendy Men's High-End Quartz Analog Watch, Arabic Numerals Wristwatch, Fashion Simple Couple Watch, Stylish and Elegant Timepiece, Casual Analog Watch, Analog Quartz Watches",2.1,3880.0,9611.98,11800.0,37600.0,8.0,,K.S.Y.Chronomaster,情侣表,,,257.6,products_sales_us.csv
95,P4/27 Honey Blonde Highlight Hair Bundles Brazilian Body Wave Human Hair Weave 3 Bundles T1B/4/30 Body Wave Bundles,,3821.0,116100.0,61100.0,1397900.0,3.5,,Lebeaute hair,真人发接发&发片,,,75.44,products_sales_us.csv
96,"Leopard Print Square Statement Ring, Wild Pattern Design, Animal Theme, Side Embellishments, Bold Personalized Fashion Jewelry Ring",6.59,3814.0,28000.0,3941.0,29000.0,8.0,,Speroseful,戒指,,,4234.09,products_sales_us.csv
97,"4 Pairs Multicolor Fashion Trendy Casual PC Frame Sunglasses, Dual Bridge Pilot Square Eyewear, Retro Hong Kong Style, Ideal for Daily Commute, Street Photography, Vacation Photoshoots and Dates",2.6,3810.0,15000.0,7005.0,25600.0,8.0,,ClearLen,太阳镜,,,30.48,products_sales_us.csv
98,Turandoss Tiny Initial Necklaces for Women Golden Heart Letter A-Z Necklace Dainty Heart Name Necklace Personalized Initial Tag Pendant Birthday Gifts Anniversary Gifts Jewelry for Women Girls Mother's Day Gift summerwins,,3750.0,60400.0,83200.0,1313100.0,10.0,,Turandoss-Jewelry,项链,,,49.88,products_sales_us.csv
99,"Female 6-Pcs Soft Cotton Assorted Pink-Toned High-Waist Briefs, Tummy Control Comfy Casual Lingerie for Postpartum & Maternity",,3729.0,52500.0,3872.0,54500.0,12.0,,FSV221 shop,耳罩,,,41333.33,products_sales_us.csv
100,"Women's Multi-Color Sports Training Headbands, Workout Headbands, Gym Headband, Elastic Sweat-Absorbing Hair Bands, Yoga Running Exercise Fashion Accessories, Sweat-Wicking Headband for All Seasons, Elastic Sweatband Headband, Stretchy Headbands",2.0,3695.0,7569.54,43400.0,183500.0,8.0,,Shenzhen Songlin,头绳,,,555.14,products_sales_us.csv
101,"Bling Hair Gifts BEAKEY Makeup Sponge, Latex-Free Beauty Sponge for Blending, Makeup Sponges for Foundation Liquid Cream and Powder.",29.9,3678.0,119300.0,6795.0,223000.0,5.0,,Bling Hair Wigs Shop,发带发箍,,,2965.0,products_sales_us.csv
102,Tewiky Gold Box Chain Scalloped Shell Heart CZ Initial Necklace A–Z Micro Pave Letter Pendant For Valentine's Day gifts Dainty Gold Letter Elegant Necklace,,3652.0,47100.0,14200.0,185600.0,12.0,,Tewiky,项链,,,24.64,products_sales_us.csv
103,"Summervibes Dreamlover Wig Grip Band for Lace Front Wigs, Adjustable Elastic Wig Grip Headband Wig Band for Women",17.0,3626.0,66300.0,46500.0,781800.0,15.0,,Dreamlover Online,接发与假发配件,,,261.52,products_sales_us.csv
104,"YLNWH LED Earrings, Light Up Stud Earrings, Glowing Diamond Crown Pendant Earring for Women and Men, LED Jewelry for Party, Wedding, Birthday, Night Out, Disco, Festival",9.49,3587.0,35800.0,5429.0,50700.0,15.0,,Nuvilite,耳环,,,2229.22,products_sales_us.csv
105,"Women's Thick Seamless Cotton Hair Ties - 1PCS Random Color, High Stretching, No Damage Elastic Hair Accessory, Fashionable Hairband, Scrunchie, Stretchy Tie Band for Daily Ponytail Use",30.9,3565.0,124200.0,6667.0,234300.0,5.0,,WIG QUEEN,头绳,,,36.54,products_sales_us.csv
106,AISI HAIR Long Straight Clip In Hair Extensions Synthetic Hair Extensions 20 Inch 4PCS Thick Hairpieces for Women,,3553.0,71200.0,42400.0,1052700.0,5.0,,AISI HAIR BEAUTY,化纤接发&发片,,,543.66,products_sales_us.csv
107,"【Flash Sale】Men's Cowhide Elastic Adjustable Waist Leather Belt, Modern Easy-Release Ratchet Buckle, Elegant Design for Dress & Casual Wear, Men's Accessories, Gifts for Boyfriend, Gift Box Included, Leather Belts, Adjustable Waist Belt,summerwins summerw",,3547.0,42500.0,30700.0,457900.0,10.0,,VATAN SHOP,皮带,,,-15.51,products_sales_us.csv
108,"Fashion O Men‘s Sunglasses Case - Great for Cycling, Motorcycle Riding, Fishing & outdoors",,3535.0,111000.0,25500.0,825900.0,12.0,,Fihejyd Bloom,眼镜盒与配件,,,-11.89,products_sales_us.csv
109,Doores Clip in Hair Extensions 120g 7pcs 150g 9pcs 100% Human Hair Straight for Daily Use & Special Occasions for Women#tiktokshopbacktoschool,,3521.0,110700.0,50400.0,2048000.0,5.0,,Doores Hair Extensions,真人发接发&发片,,,22.0,products_sales_us.csv
110,UNice Glueless Yaki Straight Short Bob Wig with Drawstring Pre-cut 7x5 HD Lace Human Hair Wigs with Bleached Knots Beginner Friendly Natural Hairline Summer Wig SummerArrvials #SoHoChic #TikTokShopBackToSchool,,3505.0,334100.0,26000.0,2294900.0,3.0,,UNICE,真人发发块头套,,,334.32,products_sales_us.csv
111,Brazilian Virgin Human Hair Bundles 32inch 34inch Body Wave Straight Hair for Quick Weave 1 3 4 Bundles Natural Black Traditional Sew in Extension,,3481.0,107900.0,84700.0,1705600.0,3.5,,Lebeaute hair,真人发接发&发片,,,36.89,products_sales_us.csv
112,"Mother's Day Gift Women's Fashion Jewelry Set, Fashionable Jewelry, Heart Key Butterfly Design Rings, Dainty Stacking Rings, Stackable Rings, Adjustable Rings, Interlocked Stackable Rings, Beautiful Rings, Perfect Gift for Women &",1.5,3467.0,5585.19,14000.0,28500.0,8.0,,XUYU Jewelry,戒指,,,63.54,products_sales_us.csv
113,"EyeconicFinds Women's Oversized Polarized Sunglasses - Large Frames, UV400 Protection, Lightweight, Trendy, Anti-Glare Frames, Beachwear, Accessories for Women, Suitable for Large Faces, Ideal for Driving, B0250, Over-Glasses Frames",,3466.0,38600.0,19500.0,193600.0,10.0,,EyeconicFinds,镜框与镜片,,,-14.27,products_sales_us.csv
114,"Women's Colorblock Print Long Relaxed Fit Scarf-Poncho Set, Soft Comfortable Casual Shawl, Beach Outdoor Wear Sunproof Swimwear Coverup, All-Seasons Fashion Accessory for Spring Style Upgrade",,3462.0,29700.0,12200.0,104700.0,8.0,,Morning Glory,围巾&围脖,,,3544.21,products_sales_us.csv
115,WENNALIFE Clip in Hair Extensions Real Human Hair 7pcs 120g-150g 14 Inch to 24 Inch Jet Black to Platinum Blonde Balayage Ombre #tiktokshopbacktoschool #sohochic,,3446.0,170800.0,20600.0,998100.0,5.0,,WENNALIFE,真人发接发&发片,,,15.83,products_sales_us.csv
116,HD Wig Cap 2 Pieces Ultra-thin Wig Caps Invisible Nude Skinlike and Stretchy Wig Cap for lace front wig,16.6,3437.0,65500.0,42800.0,744400.0,13.0,,U&A HAIR SHOP,真人发接发&发片,,,49.43,products_sales_us.csv
117,1Pack Satin Hair Scrunchies for Women - Glossy Satin Scrunchies for Hair Satin Scrunchies for Girls Holiday Gift Silk Hair Tie No Damage Cute Satin Hair Scrunchie for Styling,16.6,3436.0,65600.0,42500.0,757800.0,13.0,,U&A HAIR SHOP,头绳,,,-17.68,products_sales_us.csv
118,"Hair Clips 2 Pack – Professional Alligator Clips For Hair, Hair Clips For Styling, Hair Styling Clips, Aligator Clips, Salon Hair Clips, Plastic Hair Clips",16.6,3436.0,65400.0,43200.0,749600.0,13.0,,U&A HAIR SHOP,发夹发簪,,,-18.71,products_sales_us.csv
119,"3 pieces No Bend Hair Clips, No Crease Hair Clips, Pin Curl Hair Clips for Makeup Hair Styling",16.6,3436.0,65600.0,43200.0,745000.0,13.0,,U&A HAIR SHOP,发夹发簪,,,-17.78,products_sales_us.csv
120,"New 2026 Ramiss Burmese Curly Crochet Human Hair Pre-Separated 50g/Pack Time-Saving, 40 Strands/Pack Mircale Knots Hot braids,4-5 Packs for Full Head Protective Styles Light Weight No Tension Reusable Feather Crochet Extension #SummerWins #DealsForYouDays",,3381.0,137900.0,11100.0,482200.0,6.0,,Ramiss Hair,真人发接发&发片,,,-1.6,products_sales_us.csv
121,"Women's Multicolor Sports Headbands, Workout Headbands, Leopard Print Elastic Sweat Absorbent Hair Bands, Suitable for Yoga Running Skincare Fashion Accessories",,3374.0,6963.34,8287.0,18000.0,8.0,,Shenzhen Songlin,头绳,,,666.82,products_sales_us.csv
122,OQ HAIR Burmese Curly Crochet Hair Natural Black Machine Made Feather Crochet Human Hair Extension Miracle Knots Boho Braids #SohoChic #TikTokShopBackToSchool #DealsForYouDays,,3371.0,249000.0,9691.0,713300.0,3.0,,OQ HAIR SHOP,真人发全机制头套,,,176.77,products_sales_us.csv
124,"Men's New Full Frame Square Glasses, Retro Dual Bridge Design, Imitation Wood Texture Temples, Metal Frame, Classic Fashion Decorative Eyewear, Trendy Vintage Eyeglasses, Square Frames Eyeglasses, Fashionable Frames Glasses, Stylish Trendy Eyewear",2.5,3360.0,9137.75,10300.0,30500.0,8.0,,GM Glaases,太阳镜,,,191.67,products_sales_us.csv
125,UNice 250% Density Reddish Brown Fluffy Afro Kinky Curly with Layered Finger Coil Ends Glueless 7x5 HD Lace Closure Human Hair Wigs No Slip Beginner-Friendly Natural Looking Summer Wig SummerArrvials #SoHoChic #TikTokShopBackToSchool,,3354.0,404700.0,24200.0,2717500.0,3.0,,UNICE,真人发发块头套,,,32.99,products_sales_us.csv
126,"Paleshy 4-Pack Women's Blue Light Blocking Glasses - Anti- Round Face Eyewear Set, 4 Fashion Frame Colors | Internet Celebrity Style Windproof No-Makeup Essential",10.66,3348.0,40300.0,51400.0,686000.0,15.0,,Elegant&Pure Shop,镜框与镜片,,,67.23,products_sales_us.csv
127,"Women's Round Dial Analog Quartz Watch, Luminous Watch for Party, Daily Clothing Decor, All-match Waterproof Watch for Birthday Gift with Box, Casual Stainless Steel Wristwatch, Quartz Wrist Watches",,3345.0,43100.0,40700.0,538400.0,8.0,,POEDAGAR SSS,女表,,,24.49,products_sales_us.csv
128,"Women's 10PCS 2in Metal Hairpins Kit - All-Seasons, Fade-Resistant Black Finish, Secure-Hold Bobby Pins for All Hair Types, Daily Use & Hairdressing Salons, 2 Inches",31.9,3279.0,119200.0,6910.0,253500.0,5.0,,WIG QUEEN,发夹发簪,,,17.36,products_sales_us.csv
129,"Summer 2025 Simple Polarized Shades Sunglasses For Everyday Use, Summer Geometric Frame Double Beam Fashion Stylish Sunglasses, Travel Accessories, Trendy Casual Sunglasses, Polarizing Sunglasses, Fashionable Frames Sunglasses, National Day Offers",3.6,3278.0,18400.0,346700.0,2934600.0,8.0,,JWH GLASSES,太阳镜,,,-33.29,products_sales_us.csv
130,"8 Sizes Invisible Ring Adjuster, Soft Silicone Ring Sizer for Loose Rings, Comfortable Ring Spacer Fits Most Women's & Men's Rings",8.7,3240.0,31100.0,98300.0,923800.0,15.0,,Amberart US,珠宝调节保护工具,,,1912.42,products_sales_us.csv
131,"Unisex Oversize Frame Aviator Safety Sunglasses - Men's Accessories, Cool Gifts for Guys, Ideal for Cycling, Driving, Oversized Unisex Sunglasses, Safety Sports Sunglasses",14.99,3217.0,54000.0,10500.0,171300.0,12.0,,NovaNook.,镜框与镜片,,,136.89,products_sales_us.csv
132,"Frodio Veralux™ Fiber Braided Top Water Wave Wig 13x6 Lace Front | Glueless, Wear & Go, Boho Braids Water Wave Wig – Premium Fiber, Beginner Friendly#SohoChic",,3215.0,252000.0,26600.0,2209400.0,5.0,,FRODIO,化纤前蕾丝头套,,,-11.09,products_sales_us.csv
133,"Humwam 2-in-1 Haircare Bonnet - Large Size Yellow Friction-Free Dreadlock Sleep Cap Hairbands & Scrunchies, Smooth Elastic Pantyhose, Breathable, Water-Resistant, UV Shield, Lightweight, Hand Wash, Styling",14.99,3201.0,52400.0,12000.0,194800.0,12.0,,GRT BEAUTY,头绳,,,117.46,products_sales_us.csv
134,"Unisex 2-Piece Retro Full-Rim Square Sunglasses - Lightweight Polycarbonate (PC) Frames with Metal Head Decoration, Men's Accessories, Women's Gifts for Beach & Daily Wear",15.5,3200.0,55800.0,8702.0,147000.0,13.0,,ShineThru,镜框与镜片,,,133.24,products_sales_us.csv
135,"BloomChic Women's Plus Size Black Statement Belt [M-6X] - Gold-Tone Buckle With Chain Detail, Regular Sizes 10-30, Casual Wrap Waist Belt for Dresses & Fall Outfits, Women's Fashion Accessories",6.1,3200.0,25500.0,5675.0,46000.0,12.0,,BloomChic,皮带,,,729.02,products_sales_us.csv
136,Lush Haute New Afro Headband with Curly in the End Wig Synthetic Hair Texture with Unique Bouncy Curls in the End 20 Inch Soft Curly Full Hair Headband Wigs Synthetic for Women No Leave out Glueless Wig,,3199.0,118700.0,14800.0,541800.0,10.0,,Lush Haute,化纤全机制头套,,,21.17,products_sales_us.csv
137,"Women's Elegant Butterfly & Heart Design Hoop Earrings, Fashionable Exquisite Hoop Earrings, Trendy All-match Jewelry as Gift for Daily & Party Decor, Heart Shaped Earrings, Versatile Earrings, Fashionable Jewelry Accessories, Earring Set",,3189.0,25200.0,5946.0,63500.0,8.0,,Wang Shuo Fashion Jewelry,耳环,,,764.23,products_sales_us.csv
138,"Tewiky Women's Silver Ankle Bracelet Set - Dainty Layered Waterproof Sparkly Herringbone Beaded Rope Chain, Adjustable Stackable Summer Beach Stylish Accessories, Jewelry Gift, Jewelry For Women, Womens Gifts, Anklets For Women",12.0,3185.0,39700.0,11100.0,156600.0,13.0,,Tewiky official,脚链,,,-8.35,products_sales_us.csv
139,"Men's & Women's 6-Pack Vintage Rectangle Frame Sunglasses Set - UV400 Sun Protective Casual Trendy Frames Sunglasses, Anti-UV Glasses, Luxury Fashion Accessories, Men's Gifts, Accessories For Women, Womens Sunglasses",11.99,3176.0,43500.0,41300.0,540200.0,12.0,,Urban Optic Shop,镜框与镜片,,,-10.28,products_sales_us.csv
140,Clip in Curly Hair Extensions 4PCS Long Wavy Synthetic Thick Hairpieces with Fiber Double Weft for Women Hair Full Head,,3170.0,38000.0,20100.0,274900.0,11.0,,YeseGohair,化纤接发&发片,,,49.95,products_sales_us.csv
141,"ZENOTTIC Daily Anti Blue Light Glasses for Men & Women, Rectangle TR90 Frame with Ultra Clean Lense & Adjustable Spring Hinge,Summer Wins,Gaming Essential",16.9,3169.0,61500.0,33200.0,616800.0,10.0,,ZENOTTIC,镜框与镜片,,,101.72,products_sales_us.csv
142,EVRY JEWELS Gold or Silver Plated Women's Hypoallergenic Forever Blessed Cross Necklace,9.99,3155.0,32100.0,8974.0,79200.0,15.0,,EvryJewels,项链,,,2848.6,products_sales_us.csv
143,"Handmade Cow Tag Belt Key Holder with Copper Initial – Custom Western Keychain for Men & Women, Texas-Inspired Cowboy Keychain, Fashion Accessory for Bags, Keys & Gifts",,3118.0,66500.0,15700.0,343700.0,15.0,,DFN INC,钥匙扣,,,-25.3,products_sales_us.csv
144,"YWIGS Crochet Human Hair for Miracle Knots Human Hair Feather Crocher Hair Human Hair for Miracle Knots Boho Braids Burmese Curly Pre-Separated 60g / Bundle, 4 to 5 Bundles Recommended #backtoschool #backtoschoolshopping #sohochic",,3116.0,128100.0,32600.0,1758300.0,5.0,,YWIGS,真人发接发&发片,,,-10.23,products_sales_us.csv
145,"EUNOIALENS Unisex Vintage Square Sunglasses 2-Pack - Transparent Plastic Full Rim Acetate Frames, Simple Eyewear Fashion Accessories, Shades for Gifting & Everyday Wear, Unisex Square Fit Value Backups Modern Trendy Sunglasses Acetate Sunglasses",12.27,3108.0,43500.0,11900.0,179900.0,15.0,,DS high quality goods,太阳镜,,,10.41,products_sales_us.csv
146,【Lowest Price】Tahikie Burmese Curly Crochet Human Hair For Miracle Knots Human Hair Feather Water Wave Curly Wave Crochet Human Hair For Miracle Knots Pre-Separated Recommended#RefreshedLook#SummerWins #DealsForYouDays #TikTokShopBackToSchool#SohoChic,,3106.0,165600.0,11800.0,600100.0,1.0,,Tahikie,真人发接发&发片,,,-13.67,products_sales_us.csv
147,"New Fashion Retro Square Frame Glasses, High Quality Versatile Trendy Casual Eyeglasses for Daily Wear, Trendy Vintage Eyewear for Men & Women, Stylish Square Frames, Fashionable Frames Glasses",2.6,3103.0,8795.08,14500.0,50800.0,8.0,,Oticala,太阳镜,,,147.45,products_sales_us.csv
148,Ramiss Brazilian Body Wave Straight Bundles Human Hair Quick Weave Bundles 2x6 4x4 Lace Closure with Bundles Virgin Human Hair Weave Bundles Traditional Sew in Extensions,18.8,3067.0,63600.0,9756.0,195100.0,6.0,,Ramiss Hair,真人发接发&发片,,,-14.59,products_sales_us.csv
149,GANIA Letter Layered Ankle Bracelets for Women Dainty Chain Initial Pendant Anklets Set Hypoallergenic A-Z Gifts for Girls Trendy Adjustable Size Waterproof Costume Accessories,12.0,3064.0,43000.0,129900.0,1597500.0,10.0,,GANIA,脚链,,,-31.93,products_sales_us.csv
150,Custom 360 Wave Cap - The Royalty Cap,14.4,3050.0,46300.0,63300.0,949500.0,20.0,,Royalty Headwear,帽子,,,-15.35,products_sales_us.csv
151,"5-Piece Waterproof Titanium Steel Bracelet Set, Rhinestone Star Design, Plated, Versatile Style, Unisex Jewelry, Stackable Bracelets",,3017.0,48200.0,7778.0,116300.0,8.0,,RinhooJewelry,手环与手链,,,1530.81,products_sales_us.csv
152,[30 Inch deep wave only $103]13x6 Deep Wave Lace Front Wigs Human Hair HD Full Lace Frontal Wigs Pre Plucked Bleached Knots Deep Curly Human Hair Wig for Women Natural Color,,3014.0,206600.0,8884.0,581100.0,1.0,,Zlzlblbl Hair Factory Store,真人发前蕾丝头套,,,45.25,products_sales_us.csv
153,"Leopard Print Satin Sleep Cap with Cute Bow and Bear Ears, Soft Velvet Hair Hat for Nighttime Hair Protection, Smooth and Healthy Hair Overnight",,3001.0,23900.0,3160.0,25600.0,8.0,,YOYO CAP,帽子,,,13540.91,products_sales_us.csv
154,"ZENOTTIC Daily Retro Sunglasses, High Quality Thick Full Rim Frame with Anti-Glare TAC Lenses UV400 Protection, Summer Outifit, Travel Essentials, Summer Wins",,2987.0,55700.0,24400.0,433900.0,10.0,,ZENOTTIC,太阳镜,,,27.87,products_sales_us.csv
155,"Women's Compact Preppy Look PU Leather Lip Balm Holder Keychain - Heart Design Keychain with Heart Mirror, Portable Lipstick Case Bag Charm, Mini Gifts for Teen Girls, Keychains For Women",2.0,2984.0,6022.0,2997.0,6047.87,12.0,,Gubercen,钥匙扣,,,22853.85,products_sales_us.csv
156,"KIMORN Women's Polarized Aviator Sunglasses - Tangle-Free Full Rim Metal Frame Glasses, UV400 Protection, Driving & Beach Use Accessories, Casual Frame Styles for Women, Accessories For Women, Glasses For Women",,2981.0,47100.0,6932.0,104000.0,15.0,,AE Glasses,太阳镜,,,-20.91,products_sales_us.csv
157,"2026 Unisex Large-Frame Fashion Glasses, Trendy Square Sunglasses, Square Framed Sunglasses, Trendy Beach Eyewear, Retro Design for Daily Wear, Photography, Travel, Beach, All Seasons, Vintage Trendy Sunglasses",2.86,2973.0,8902.13,20000.0,75600.0,8.0,,Bigger glasses,太阳镜,,,-44.07,products_sales_us.csv
158,"Skull Beanie 2025 - New Unisex Knitted Beanie Hat - High Quality Y2k Warm Beanies Running Cap, Breathable Elastic Material, Casual Style, Fashionable Hats, Letter Print Beanie",5.21,2945.0,19600.0,10000.0,90300.0,8.0,,Naiben Clothing,帽子,,,131.71,products_sales_us.csv
159,"GANIA Art-designed personalized name letter necklace, free of allergenic ingredients, with adjustable size. It is an excellent Valentine's Day gift for women and girls.",,2936.0,43200.0,60800.0,726700.0,10.0,,GANIA,项链,,,32.97,products_sales_us.csv
160,Bangjazz Transparent Ziplock Bag,,2933.0,26300.0,11300.0,156300.0,3.0,,bangjazzhair,发带发箍,,,646.31,products_sales_us.csv
161,Elastic Band for Hair Wig Lace Melting 1 Pcs Non Slip Soft Hair Band For Women,,2916.0,19100.0,24000.0,175600.0,3.0,,bangjazzhair,发带发箍,,,11.47,products_sales_us.csv
162,"Copper Bracelet for Women, Pure Copper Magnetic Bracelets, Natural Unique Gemstone, Gifts for Women Trendy Stack Bangle Trendy Jewellery Accessories Valentine’s Day gift.",6.59,2905.0,25900.0,5552.0,57900.0,14.0,,Lunaire Threads,手环与手链,,,2517.12,products_sales_us.csv
163,Lush Haute Headband Deep Wave Synthetic Wig 24 Inches Deep Wave Wigs for Women Glueless None Lace Wig with Headband Attached Synthetic Wigs,,2902.0,84300.0,9348.0,268100.0,10.0,,Lush Haute,化纤全机制头套,,,425.72,products_sales_us.csv
164,"5-Pack Cooling Helmet Liner Caps, Moisture-Wicking Breathable Pirate Head Wraps, Stretchy Adjustable Sports Outdoor Hat, Sweat-Absorbent Cooling Beanie for Motorcycle Cycling & Outdoor Riding, Adjustable Hat, Sports Outdoor Hats",10.49,2900.0,35700.0,4307.0,51700.0,15.0,,DDBD shop,帽子,,,962.27,products_sales_us.csv
165,AISI HAIR 4PCS 16 inch Clip-in Curly Hair Extensions Natural Lace Weft Tangle-Free Fiber Secure Fit for Women's Everyday & Special Occasion Use Wavy Synthetic Hair Soft Synthetic Hair,25.2,2881.0,78000.0,4941.0,137500.0,5.0,,AISI HAIR BEAUTY,化纤接发&发片,,,315.13,products_sales_us.csv
166,1 PC Adjustable Elastic Band for Wigs djustable Elastic Band for Wigs Removable Wig Band Nonslip Wig Strap Black Elastic Bands for Glueless Wig Making Wig Cap Accessories,20.99,2879.0,67400.0,12100.0,274000.0,3.0,,bangjazzhair,发带发箍,,,10.48,products_sales_us.csv
167,SIPHEW Classic Sunglasses for Women Polarized Driving Anti-Glare UV Protection,12.6,2852.0,38500.0,11300.0,154300.0,10.0,,SunniesHub,太阳镜,,,-9.32,products_sales_us.csv
168,GOO GOO Scalp Hair Fill-Ins Clip-Ins Hair Extensions Natural Coverage for Thinning Areas Remy Human Hair Lightweight and Invisible Straight Natural Summer Hair summer hairstyles #tiktokshopbacktoschool #sohochic,,2843.0,145700.0,6392.0,317800.0,5.0,,GOO GOO,真人发接发&发片,,,95.8,products_sales_us.csv
169,"Women's Elegant Geometric Print Two-Piece Set, Beach Sun Protection Long Robe & Scarf for All Seasons, Fashion Accessory, Beach Cover-Ups, Swimsuit Coverups, Swimwear Cover Up",12.9,2841.0,37900.0,3569.0,51600.0,8.0,,Trendy Moo,围巾&围脖,,,141950.0,products_sales_us.csv
170,"Boho Multi-Layer Faux Pearl Necklace for Women, Vintage Statement Fashion Jewelry, Versatile Gift for Daily Wear and Parties, String of Pearls, Trendy Necklace, Pearl Necklace Strand, Accessory Necklace",9.0,2836.0,28700.0,10300.0,108800.0,8.0,,Nyareya,项链,,,642.41,products_sales_us.csv
171,[26 inch only $119] Afterblack Burmese Curly Glueless Half Wig For Women Seamless Flip Over Drawstring Wig Wear Go Half Wig Invisible Hairline Glueless Curly Human Hair Beginner Friendly #HairStyle #TikTokShopSpringGlowUp#Summervibes#tiktokshopsummersale,,2834.0,285000.0,6479.0,664600.0,1.0,,After Black Hair Shop,真人发全机制头套,,,107.47,products_sales_us.csv
172,"IDC Side Style Flexfit Cotton Mens Hat - Fitted Black Cap with White Side Design, Original Flexfit Tech, Premium Cotton-Spandex Blend, Structured 6-Panel Mid-Profile, Premacurv Visor with 8-Row Stitching, for Sporty Chic, Casual Wear (Accessories Adults)",28.0,2833.0,74100.0,4025.0,110200.0,15.0,,TheDriveClothing,帽子,,,154.54,products_sales_us.csv
173,"Punk Rhinestone Vintage Fashion Glasses for Men Women, Metal Hinge Eyeglasses, Boho Decorative Lens Eyeglasses",2.57,2832.0,7765.89,18300.0,55500.0,8.0,,APAIRCIRCLE MALL,太阳镜,,,-0.04,products_sales_us.csv
174,"Women's Yaki Straight Layered U Part Wig, Glueless Clip-In Half Wig, Convenient Wigs, Realistic Natural Look, Heat-Resistant Synthetic Hair, Synthetic Material Wigs",,2825.0,60000.0,5599.0,104700.0,8.0,,Fancee Hair,化纤全机制头套,,,77.56,products_sales_us.csv
175,"Little Reminders Keychain for Women Men, You Are Enough Inspirational Keyring, Uplifting Gift for Friends",9.99,2816.0,25200.0,2817.0,25200.0,8.0,,EMkimi,钥匙扣,,,281500.0,products_sales_us.csv
176,JBEXTENSION No-bend Hair Clips No-crease Hair Clips Styling Duck Bill Clips No-dent Alligator Hair Barrettes for Salon Hairstyle Hairdressing Bangs Waves Women Girl Makeup Application 1 Pcs,4.49,2813.0,18400.0,76600.0,376900.0,10.0,,Jbextension.usa,发夹发簪,,,-31.74,products_sales_us.csv
178,"Back To School Sunglasses for Travel use, Fashion Fall/Summer 2026 Geometric Frame Double Beam Sun Protection Glasses Trends, Travel Accessories, Fall Outfits, Fall Freshness, Vacation Outfits",11.88,2808.0,39500.0,15200.0,202900.0,10.0,,GOECI,太阳镜,,,-12.8,products_sales_us.csv
179,"Nestoniyun Unisex Beer Lover Trucker Hat - Cotton-Polyester Trucker Style Snapback, Adjustable Mesh Dad Hat, Funny Gifts Accessories for Enthusiasts, Ideal for Parties, Barbecues, Snapback Trucker",,2807.0,28700.0,2823.0,28900.0,10.0,,Hat Time Machine-US,帽子,,,19950.0,products_sales_us.csv
180,Y2K Retro Fashion Tortoise Shell Polarized Sunglasses for Women Lightweight Square Frame High Quality Casual Summer Glasses Gift for Girlfriend backtoschool,8.72,2792.0,25900.0,2940.0,27300.0,12.0,,Halo Daily Shop,太阳镜,,,4553.33,products_sales_us.csv
181,"1PCS Mini Wide-Tooth Hair Comb, Portable Pocket-Sized Black Haircare Tool for Travel, Combs for Hair Heatless Grooming Accessory, Hair Combs",30.0,2781.0,100700.0,6994.0,242000.0,5.0,,WIG QUEEN,发夹发簪,,,50.98,products_sales_us.csv
182,"Kimorn Retro Small Oval Sunglasses for Women Men, Y2K Vintage Narrow Round Cateye Shades, UV400 Protection Summervibes",16.99,2778.0,35700.0,6475.0,84800.0,15.0,,AE Glasses,太阳镜,,,42.61,products_sales_us.csv
183,Bling Hair Deep Wave Lace Frontal Wig Transparent 13x4 13x6 HD Lace Frontal Human Hair Wigs Curly Human Hair Lace Frontal Wigs For Women backtoschool,,2756.0,235100.0,27500.0,1850000.0,1.0,,Bling Hair Fashion,真人发前蕾丝头套,,,34.57,products_sales_us.csv
184,EOM 14K Gold Plated Moissanite Waterproof Hip Hop Unisex Chained Ring Silver-Plated Jewelry Perfect Birthday Engagement Wedding Anniversary Gift for Men Women,,2755.0,36900.0,10900.0,147300.0,8.0,,EOM.Jewelry,戒指,,,228.76,products_sales_us.csv
185,KINHOPI Gold Big Hoop Earrings for Big Ear Men Cartilage Huggie Simple Clean Lightweight Gift Gold Plated Hoop men's accessories,14.99,2750.0,43500.0,15700.0,245400.0,10.0,,KINHOPI,耳环,,,40.59,products_sales_us.csv
186,"New 2026 Ramiss Burmese Curly Crochet Human Hair for Mircale Knots Boho Braids 4-5 Packs for Full Head, Pre-Separated 60g/Pack Time-Saving, 50 Strands/Pack Water Wave Machine Made Feather Crochet Human Hair Extension Pre Looped#SummerWins #DealsForYouDays",35.5,2744.0,110000.0,10100.0,456100.0,6.0,,Ramiss Hair,真人发接发&发片,,,84.78,products_sales_us.csv
187,"Simple Style Plain Color Skull Beanie for Men & Women, Casual Sportive Breathable Stretchy Beanie Hat for Outdoor Sports for Men & Women, Fitted Hats, Head Cover",,2718.0,5115.09,124400.0,1336900.0,8.0,,JOYOYO Beauty,帽子,,,43.89,products_sales_us.csv
188,"A special gift: a breathable ankle support strap, ankle brace, or sports ankle support strap, suitable for sports, fitness, running, rock climbing, cycling, tennis, healthcare, and other occasions. (SpringStatements)",10.48,2714.0,33100.0,13500.0,166200.0,14.0,,DDBD shop,服饰配件套装,,,162.48,products_sales_us.csv
189,"5 Pairs 14K Gold Plated Huggie Small Hoop Earrings Set for Women Men, Hypoallergenic Hoop Earrings for Cartilage, Lightweight Stackable Earrings for Sensitive Ears",12.99,2708.0,38800.0,9494.0,131700.0,12.0,,YIONIFI official,耳环,,,67.89,products_sales_us.csv
190,"Women's High-End Sense Personality Fashion Big Brand, P Polygonal High-End Sunglasses Frame,Men's Fashion Sunglasses",15.59,2706.0,40400.0,5834.0,84800.0,12.0,,moqushangmaoshop,镜框与镜片,,,306.92,products_sales_us.csv
191,Tewiky 14K Gold Plated Dainty Layered Waterproof Anklet For Women Adjustable Anklet Set Stackable Figaro Beaded Cuban Link Anklets Daily Clothing Decor For Beach Summer Trendy All-match & Exquisite Jewelry Gift For Women,,2688.0,32200.0,55500.0,712400.0,13.0,,Tewiky official,首饰套装,,,115.04,products_sales_us.csv
192,"Unisex Invisible Boat Socks - Thick, Soft Comfy, Non-Slip, Non Binding, Flat-Ready Grip Low-Cut Ankle Liners for Flats, Sneakers, Everyday Use, Assorted Colors in 3-Pair, 10-Pair Packs",,2686.0,20700.0,2691.0,20800.0,15.0,,DDBD shop,首饰套装,,,53620.0,products_sales_us.csv
193,"Men's Stainless Steel Fashion Jewelry Set, Casual Punk Cross Pendant Necklace Chain Bracelet Ring Set, Geometric Pattern, All Seasons Gift, Necklace and Bracelet Set",,2681.0,28900.0,6062.0,55300.0,8.0,,Fashion New Jewelry,首饰套装,,,4.16,products_sales_us.csv
194,"Clubmasters Sunglasses for Men, Chris Ray Vintage Club Master Y2K Shades",9.49,2662.0,27900.0,38100.0,387400.0,20.0,,Chris Ray Eyewear,太阳镜,,,-25.95,products_sales_us.csv
195,"YANIBEST Bonnet for Men Hair Bonnet for Sleeping Double Layer Satin Bonnets for Black Women Curly Hair Braids, men gifts, FathersDayGift, hats men，Haircare bonnetsilk #SummerWins#DealsForYoudays,clothes for back to school,first day of school outfits",13.59,2655.0,36400.0,10300.0,143500.0,15.0,,YANIBEST,帽子,,,315.49,products_sales_us.csv
196,"Pancert Dainty Floral Choker Necklace, Gold-Plated with Sparkling CZ Charms, Trendy Feminine Accessories for Women, Ideal Womens Gifts, Trendy Charms Necklace, Sparkling Cz Necklace",,2647.0,41800.0,6204.0,97000.0,10.0,,pancert,项链,,,967.34,products_sales_us.csv
197,"Unisex Dri-Fit Loc Cap - Hats, Baseball Cap Wave, Classic Snapback, Smurf Logo, Breathable, Soft, Lightweight for Stylish Wear, Snapback Hats, Brand Logo Hats",,2644.0,39500.0,7225.0,104600.0,20.0,,smurfandcompany,帽子,,,246.53,products_sales_us.csv
198,"EUNOIALENS Sunglasses for Men, Trendy Styling Box-Shape with Gold Metal Frame, Celebrity-Inspired Men's Accessories, Father's Day Gifts, Gold Metal Sunnies, Trendy Styling Sunglasses, Mens Gifts, Stylish Accessories, Gifts For Boyfriend",,2630.0,35600.0,10100.0,142800.0,15.0,,DS high quality goods,太阳镜,,,28.92,products_sales_us.csv
199,"Tewiky Men's 2-Piece 3mm Layered Cuban Link & Rope Chain Necklaces Set, 18-28in Silver Trendy Summer Vibes Jewelry, 2 piece sets for Boyfriend Anniversary & Birthday Gifting, Gifts For Boyfriend, Birthday Gifts For Bf, Stylish Accessories, Guys Gifts, Uni",,2617.0,45700.0,25400.0,409600.0,13.0,,Tewiky official,项链,,,32.98,products_sales_us.csv
200,"ShineThru Aviator Sunglasses for Women & Men 2-Pack, Fashion Metal Frame Summer Shades, Trendy Unisex Eyewear for Beach, Vacation & Daily Outfits",14.98,2615.0,35200.0,25800.0,350100.0,13.0,,ShineThru,太阳镜,,,-58.33,products_sales_us.csv
201,"【Price Dropped】ISEE HAIR Human Hair Crochet Hair Extensions – Miracle Knots Pre-Separated Crochet Braids, Knotless Boho Braids, Mermaid Braids, Goddess Braids, Burmese Curly, Kinky Curly, Water Wave#SoHoChic #TikTokShopBackToSchool",,2612.0,209000.0,20000.0,1308500.0,3.0,,ISEE HAIR BEAUTY,真人发接发&发片,,,-41.3,products_sales_us.csv
202,【SummerVibes】SUNGAIT Retro Polygon Aviator Sunglasses for Men Women Polarized Trendy Square Sun Glasses Stylish Pilot Shades UV400 Protection for Beach Travel School,15.3,2608.0,50200.0,26800.0,510100.0,15.0,,SUNGAIT,太阳镜,,,-31.64,products_sales_us.csv
203,"EUNOIALENS Women's Fit Over Square Frame Sunglasses - Oversized Polarized Lenses, UV400 Protection, T-Zone Temples, Wrap-Around Design, for Casual Driving & Daily Wear, Stylish Women's Gift Accessory, Sunglasses For Women",,2606.0,40000.0,3221.0,49600.0,15.0,,DS high quality goods,太阳镜,,,343.95,products_sales_us.csv
204,"Reusable Fine Mesh Wig Dustproof Cover - Breathable Dustproof, Lint-Blocking, Anti-Fouling Wig Accessory for Storage, Travel Use, Blocks Lint",30.0,2589.0,83100.0,5013.0,162100.0,5.0,,WIG QUEEN,接发与假发配件,,,727.16,products_sales_us.csv
205,"KooKaStyle 4PCS Clip in Hair Extensions for Women, 24 Inch Long Wavy Synthetic Hairpieces, 220g Thick Double Weft Extensions for Instant Volume, Length and Natural Blend",,2567.0,60800.0,62000.0,1283300.0,5.0,,KooKaStyle,化纤接发&发片,,,7.5,products_sales_us.csv
206,"Polarized Sunglasses with American Flag Design, Retro Shades, Unisex Outdoor Driving Glasses, Fashionable Square Blue Lenses, Trendy Beach Eyewear, Square Frame Sunglasses",8.6,2566.0,23400.0,4583.0,38500.0,8.0,,YI SHENG SUNGLASSES,太阳镜,,,46.38,products_sales_us.csv
207,"Elegant Animal Print Shawl Set, Kaftan Long Maxi Dress & Scarf, Summer Beach Sun Protection, Casual Fitted Style",7.2,2566.0,34600.0,2570.0,34600.0,8.0,,IROJEFF,围巾&围脖,,,128200.0,products_sales_us.csv
208,Sister Keychains for 3 Sisters Gifts Big Sis Mid Sis Lil Sis Matching Heart Keychain Set Sister Jewelry Gifts,8.99,2548.0,32300.0,5448.0,69200.0,5.0,,Lyaney,钥匙扣,,,-1.74,products_sales_us.csv
209,【TRENDY VIBES】MYIAUR Polarized Sunglasses for Women Big Style Gold-Plated Frame UV400 Protection Anti-Glare Fashion Accessory Christmas Gift Trendy Shades 2026,,2543.0,38100.0,57000.0,826300.0,15.0,,Global EyeWear Selection,太阳镜,,,28.82,products_sales_us.csv
210,PALESHY Polarized Photochromic HD Sunglasses for Men Women UV400 Protection Ultralight Eyewear Day Night Safety Glasses for Fishing Golf Outdoor Activities Classic Rectangular Design,,2539.0,29400.0,43900.0,510300.0,13.0,,HEIDI GLASSES,太阳镜,,,71.9,products_sales_us.csv
211,"Unisex 2-Pack Retro Futuristic Square Sunglasses, Trendy Y2K Fashion Shades for Driving, Outdoor Activities, Men's Accessories for Adults, Mens Gifts, Cool Gifts for Guys, Accessories Adults",9.99,2536.0,25500.0,2727.0,27400.0,13.0,,Embercraft,太阳镜,,,1227.75,products_sales_us.csv
212,"Blue Light Blocking Glasses 99% for Computer & Gaming | Anti Eyestrain Glasses with UV Protection | Anti Glare Screen Glasses for Office & Streaming,summer outifit,travel essentials",,2535.0,5545.31,39300.0,126100.0,35.0,,YUTA Store,镜框与镜片,,,9.17,products_sales_us.csv
213,"Earrings for Women, 14K Gold & White Gold Plated Hoop Earrings, Lightweight Hypoallergenic Chunky Modern Statement Jewelry, Daily Casual Party Wear Accessories, Stylish Ear Ornaments, Elegant Fashion Decoration, Ideal Birthday Holiday Gifts for Women",13.99,2531.0,40200.0,5564.0,87600.0,10.0,,SHINEME JEWELRY,耳环,,,120.66,products_sales_us.csv
214,MOO MOO Women’s printed long dress and scarf set; Bohemian casual shawl dress with scarf; relaxed loose beachwear; soft and comfortable; suitable for all seasons; a must-have for seaside vacations. Matching Outfit,8.99,2514.0,32100.0,4526.0,56200.0,10.0,,KK-ARS,围巾&围脖,,,76.3,products_sales_us.csv
215,GOO GOO Hair Extensions Clip in Human Hair Natural Straight Remy Hair Easy To Style Soft Clip ins for Women summer hairstyles #tiktokshopbacktoschool #sohochic,,2511.0,120900.0,66100.0,3931500.0,5.0,,GOO GOO,真人发接发&发片,,,21.07,products_sales_us.csv
216,[Hot] Vinisay 12A Brazilian Virgin 100% Human Hair Bundles Body Wave Straight Deep Wavy 12''–30'' Quick Weave Sew in Extensions Natural Black,,2509.0,45900.0,9513.0,171600.0,1.0,,Vinisay Hair Shop,真人发接发&发片,,,1089.1,products_sales_us.csv
217,〖Summer Vibes〗1/2 PCS Large Frame Double Beam Metal Fashion Glasses Toad Glasses Advanced Retro Personality Versatile Daily Wear Street Photography Vacation Travel Beach Accessories Gold Color Sleek Rectangular Sunglasses Acetate Sunglasses,12.1,2507.0,34700.0,29500.0,386100.0,18.0,,TS Fashion Boutique,太阳镜,,,-7.56,products_sales_us.csv
218,"Solid Color Hair Bands (4 Piece), Elastic Headbands, Sports Headbands, Workout Hairband, Gym Headband, Casual Sporty Hair Bands for Women & Girls, Hair Accessories for Party and Daily Outfits",,2506.0,5767.1,53000.0,158100.0,8.0,,Xuan Ying jewelry,头绳,,,33.23,products_sales_us.csv
219,Amanda Hair Hairbands For Lace Frontal Closure Wigs Soft Scrunchies Pink Color Beautiful Gifts,17.8,2499.0,50600.0,16200.0,188600.0,5.0,,amandahair,头绳,,,146.94,products_sales_us.csv
220,Amanda Hair Wig Cap For Lace Frontal Closure Wigs Soft Thin & Breathable Invisible Elastic Wig Cap 03 Haircare Heatless,39.99,2495.0,110500.0,14300.0,345000.0,5.0,,amandahair,真人发接发&发片,,,32.43,products_sales_us.csv
221,Amanda Hair Wig Cap For Lace Frontal Closure Wigs Breathable Invisible Elastic Wig Cap 02 Soft Thin,25.8,2493.0,73200.0,16200.0,221700.0,5.0,,amandahair,真人发接发&发片,,,33.17,products_sales_us.csv
222,Elastic Band for Hair Wig Edge 1PCS Lace Melting Band for Wigs and Baby Hair Fluffy Eyelash for Hair Wig 6PCS Amanda Hair,19.99,2481.0,54400.0,15900.0,230400.0,3.0,,amandahair,头绳,,,32.25,products_sales_us.csv
223,Onetide Hair Glueless Wigs Human Hair Short Afro Kinky Curly Wigs For Women Human Hair Put on & go Hair Strong Fluffy and Long－Lasting Glueless Wigs 80s 90s Hair Kinky Curly Wig Cosplay or Daily Use Wigs High Density Work Wig Vietnamese Human Hair,,2480.0,55100.0,19600.0,405900.0,10.0,,ONETIDE Hair Store,真人发全机制头套,,,38.7,products_sales_us.csv
224,Elastic Band for Hair Wig Edge 1PCS Lace Melting Band for Wigs Amanda Hair,17.8,2476.0,50100.0,15600.0,187900.0,5.0,,amandahair,头绳,,,147.11,products_sales_us.csv
225,YWIGS Blonde Body Wave Bulk Human Braiding Hair for Boho Braids Natural Texture #27/30/613 & #4/27/30 & #4/30 #backtoschool #backtoschoolshopping #sohochic,,2473.0,168000.0,14200.0,938600.0,5.0,,YWIGS,真人发接发&发片,,,-15.48,products_sales_us.csv
226,"Rotatable Anxiety Ring with Cz Gemstone, Unisex Stress Relief Fidget Toy, Perfect Wedding Promise Gift, Men and Women Jewelry",1.1,2472.0,4890.37,16600.0,38200.0,8.0,,Artisane Rings,戒指,,,12.47,products_sales_us.csv
227,"[Blue Light Blocking] Retro Square Semi-Rimless Glasses | Stylish PC + Metal Wear-Resistant Blend Non-Prescription Glasses for Reading, Gaming, and Computer Use (Includes Cleaning Cloth & Case)",13.96,2452.0,37800.0,6936.0,105500.0,11.0,,TIANYUE Accessories&Hats,镜框与镜片,,,35.62,products_sales_us.csv
228,"Vintage-Style Faux Pearl Necklace with Rhinestone Cross Pendant, Men's Hip Hop Punk Jewelry, Bling Faux Pearl Chain Necklace, Trendy Necklace, Necklace Gift",1.4,2450.0,3579.1,9522.0,25800.0,8.0,,Ysabtst,项链,,,1029.03,products_sales_us.csv
229,Adjustable Turban Wrap Scarf Head Wrap Scarfs Tactical Headscarf Seamless Bandanas,,2447.0,53800.0,7187.0,172400.0,5.0,,Onestep Beauty Bar,围巾&围脖,,,-8.63,products_sales_us.csv
230,Frodio Veralux™ Blend Human Hair Burmese Curly 3-in-1 Half Wig Spiral Ends #summervibes#SohoChic,51.2,2438.0,128900.0,10700.0,598300.0,5.0,,FRODIO,真人发前蕾丝头套,,,6.18,products_sales_us.csv
231,13x6 Deep Wave Lace Front Wigs 30 Inch 4/27 Honey Blonde Human Hair Pre Plucked Highlight Ombre HD Lace Frontal Wig With Baby Hair for Women,,2429.0,173600.0,8339.0,602500.0,1.0,,Zlzlblbl Hair Factory Store,真人发前蕾丝头套,,,40.08,products_sales_us.csv
232,High quality iced out wrist watch automatic waterproof bling bling Rhinestone Embellished Quartz Watch og two tone ace hood watches,42.97,2427.0,104800.0,5332.0,221800.0,13.5,,New store: Automatics Watch,男表,,,51.69,products_sales_us.csv
233,"Wooden Handle Metal Hook Latch Hook Crochet Tool for Hair Extensions, Micro Braids & Craft Projects, Crocheting, Hook Tool",,2411.0,67700.0,32600.0,839800.0,3.0,,qvrhairwig,真人发接发&发片,,,100.92,products_sales_us.csv
234,[Detroit Layers] Beginher Hair Extra Full & Voluminous 20 Inches Middle Part Heat Resistance Fiber 250% Density Big-Head Friendly Kash Doll Curl Farrah Fawcett Layers 4x4 / T-Part Lace Synthetic Pre-Cut Glueless Wigs Natural Black Color SummerWins,,2410.0,136500.0,20500.0,1181000.0,8.0,,BeginherHair,化纤前蕾丝头套,,,-35.28,products_sales_us.csv
235,"2pcs Women's New Fashion Belt, C-Shaped Alloy Buckle Design, Casual Thin Waistband, Skinny Belts, Casual Trendy Waistband, Suitable for Jeans, Suits, Dresses, Versatile Fashion Belt",3.3,2404.0,8615.46,11700.0,74900.0,8.0,,TOPMAGA,皮带,,,60.27,products_sales_us.csv
236,"Couple Casual Water Resistant Watch, Quartz Analog Watches, Analog Wristwatches, Fashion Waterproof Round Dial Analog Stainless Steel Quartz Watch Set with Date & Week Display Function, Modern Accessories As Gift with Box",28.0,2403.0,50900.0,8931.0,180900.0,8.0,,CTPOR,情侣表,,,549.46,products_sales_us.csv
237,"Handmade Crocheted Yarn Flower Bouquet with Pink Wrapping - Artificial Knitted Rose Arrangement, Long-Lasting Home Decor, Ideal Gift for Women, Carefully Packaged, Promptly Shipped, Customer Service Support (Contact Customer Service for Queries)",16.0,2399.0,418900.0,2769.0,492900.0,1.0,,peaouter,脚链,,,,products_sales_us.csv
238,Lush Haute New Afro V Part with Curly in the End Wig Kinky Synthetic Hair Texture with Unique Bouncy Curls in the End 20 Inch Soft Curly Full Hair V Part Wigs Synthetic for Women No Leave out Clip in Half Wig,,2395.0,89000.0,36500.0,1496300.0,10.0,,Lush Haute,化纤全机制头套,,,18.27,products_sales_us.csv
239,Ishow Bone Straight Hair Bundles/Body Wave Human Hair Bundles P4 27 Highlight Hair Bundles 30Inch Quick Weave Extensions 4*4/2*6Lace Closure With Human Hair 95-100G/Bundle #SummerWins #DealsForYouDays,,2392.0,52200.0,10200.0,237000.0,5.0,,Ishow Hair,真人发接发&发片,,,86.0,products_sales_us.csv
240,rosted Drawstring Bag Travel Drawstring Packing Bag Waterproof Packing Bag,19.99,2385.0,63000.0,12300.0,624300.0,1.0,,KooKaStyle,发带发箍,,,846.43,products_sales_us.csv
241,"Vinisay Hair Bundles with 4x4/13x4 Closure, 12A Raw Indian Body Wave Real Human Hair, Natural Black Sew-in Weave Extensions, Bodywave Hair",,2380.0,61800.0,7779.0,225500.0,1.0,,Vinisay Hair Shop,真人发接发&发片,,,355.94,products_sales_us.csv
242,"Gothic Charm Bracelet for Women, Vintage Witchcraft Aesthetic Jewelry with Celestial Moon & Pentagram Charms, Adjustable 2-in-1 Casual Anklet Chain, Jewelry For Women, Gothic Style, Anklets For Women",,2378.0,17400.0,3491.0,29000.0,12.0,,Stella Silver,手环与手链,,,113.66,products_sales_us.csv
243,"Men's Minimalist Faith Cross Necklace - Stainless Steel with Inscriptions, Durable Fashion Accessory | Halo Accessories",13.48,2375.0,36100.0,8523.0,125200.0,10.0,,Halo accessories,项链,,,3.13,products_sales_us.csv
244,"Vintage Resin Amber Acrylic Bangles Set, High-Quality Texture Bracelets, Fashionable Multifunctional Jewelry for Women, Daily Wear Accessories, 4 Pieces",,2339.0,6232.29,8566.0,30500.0,8.0,,SY-exquisite,手环与手链,,,182.15,products_sales_us.csv
245,"Retro Unisex Fashionable All-match Tinted Lens Aviator Sunglasses, His and Hers Gifts, Semi-Rimless Summer Vintage Trendy Glasses, Fashionable Sunglasses Men Women for Outdoor Activities #SummerVibes,summer outifit,travel essentials",9.0,2335.0,25200.0,51300.0,523100.0,15.0,,Collar Tow,镜框与镜片,,,316.96,products_sales_us.csv
246,Glueless Headband Wig 26 Inch Long Black Body Wave Headband Wigs for Black Women Synthetic Natural Looking Wavy Wig Heat Resistant 180% Density,,2331.0,59300.0,5705.0,144300.0,11.0,,Mairedhair,化纤全机制头套,,,23.14,products_sales_us.csv
247,"Unisex Fashion Skull Cap - Beanie Hats, Casual Outfits Cap, Fashionable Hats, Fitted Beanie, Flexible Fit Design, One Size for Daily Wear & Sports",,2328.0,13600.0,10100.0,61600.0,20.0,,This is my life,帽子,,,17.4,products_sales_us.csv
248,JASGOOD Women Wide Chunky Belt for Dresses Fashion Thick Suede Belt with Gold Buckle,,2324.0,57200.0,15800.0,371400.0,10.0,,JASGOOD,皮带,,,24.95,products_sales_us.csv
249,"ShineThru 1 Pair Unisex Plastic Full-Rim Retro Fashion Womens Sunglasses - Trendy Versatile Design, UV Protection, Lightweight Comfort, Suitable for Daily & Outdoor Wear",10.98,2318.0,28500.0,4730.0,50200.0,15.0,,ShineThru,太阳镜,,,230.2,products_sales_us.csv
250,"ATTCL Men's UV 400 Polarized Sunglasses (0.71 oz) - Ultra-Light Al-Mg Metal Frame Sports Eyewear for Driving, Golf, 99% UVA-UVB Blocking, Adults' Accessories, Mens Gifts for Boyfriend, Husband, Case, Microfiber Cloth, Test Card",,2317.0,46100.0,6426.0,136200.0,18.0,,ATTCL EYEWEAR USA,太阳镜,,,58.48,products_sales_us.csv
251,1 Count Skinlike HD Wig Caps Invisible Breathable Wig Cap,99.0,2313.0,249900.0,9727.0,1046300.0,1.0,,Mamushow Hair Fashion,头绳,,,26.81,products_sales_us.csv
252,[Hot] Ishow 30 inches Brazilian Body Wave Virgin Hair Bundles 100% Raw Human Hair Straight Hair Bundles for Sew in Quick Weave Hair Extensions Natural Black Color,,2311.0,49700.0,10300.0,211100.0,6.0,,Ishow Hair,真人发接发&发片,,,82.54,products_sales_us.csv
253,【Limited Stock】Sunber Affordable Body Wave 13x4 Lace Frontal Wigs Pre Cut Pre Bleached Pre Plucked With Drawstring Fit All Head Sizes Beginner Frienly For Women SoHoChic TikTokShopBackToSchool,,2299.0,175200.0,23100.0,2155600.0,3.0,,Sunber Hair,真人发前蕾丝头套,,,105.64,products_sales_us.csv
254,Mamushow Hair Customer Wig Pro card,99.0,2292.0,249100.0,22600.0,2455400.0,1.0,,Mamushow Hair Fashion,化纤装扮头套,,,135.56,products_sales_us.csv
255,"ShineThru Unisex Retro Oversized Aviator Shades - Trendy Casual Stylish Windproof Punk Sunglasses,, Large Frame Beach Fashion Eyewear Accessory, Trendy Casual Sunglasses",11.0,2290.0,24900.0,21700.0,241200.0,13.0,,ShineThru,太阳镜,,,10.04,products_sales_us.csv
256,"Tewiky Costume Jewelry Live Auction - Layered Necklaces, Everyday Wear, Mix-Match Easy Fashion Accessories",19.99,2271.0,45400.0,3270.0,65300.0,,,Tewiky official,项链,,,,products_sales_us.csv
257,"New 2026 Highlight Ombre Ramiss Burmese Curly Honey Blonde 4/27 Crochet Human Hair Pre-Separated 50g/Pack Time-Saving, 40 Strands/Pack Mircale Knots Hot braids,4-5 Packs for Full Head Protective Styles Reusable Feather Crochet #SummerWins #DealsForYouDays",37.3,2269.0,92100.0,5039.0,205000.0,6.0,,Ramiss Hair,真人发接发&发片,,,-9.09,products_sales_us.csv
258,Tuneful HD Transparent 13x6 Lace Front Hair Wigs P4/27 Highlight Pre Plucked Body Wave Human Hair Wig 180% Density 99j Lace Frontal Wigs For Women,,2254.0,158500.0,59400.0,3872000.0,1.0,,Tuneful Hair,真人发前蕾丝头套,,,28.58,products_sales_us.csv
259,"GGIRL Fashion World Map Pendant Necklace 18K Gold Plated National Flag Design for Men Women Neutral Gift Travel Enthusiast Modern Versatile Streetwear Statement Jewelry，Fashion Jewelry Gift for Holiday Haul Christmas Birthdays Anniversaries,summerwins",12.99,2253.0,33900.0,48300.0,615200.0,10.0,,GGIRL,项链,,,-22.6,products_sales_us.csv
260,MADHATTER AUCTION ITEM ON HAND,0.85,2251.0,2251.0,11900.0,66100.0,,,The Mad Hatter Company,帽子,,,478.66,products_sales_us.csv
261,"GANIA Gold-Tone & Silver-Tone Hoop Earrings for Women – Brass Base, Lightweight Multi-Size Hoops Set (30/40/50/60mm), Daily Jewelry Gift for Girlfriend Wife Mom",,2246.0,33700.0,11000.0,158000.0,10.0,,GANIA,耳环,,,-25.36,products_sales_us.csv
262,Cute Bein Body Wave 13x6 Transparent Lace Front Human Hair Wig 180% Pre plucked Lace Frontal Human Hair Wigs For Women With Baby Hair,,2246.0,164200.0,21100.0,1373600.0,1.0,,Cute Bein Hair Shop,真人发前蕾丝头套,,,69.0,products_sales_us.csv
263,"Unisex Tiger Eye & Green Aventurine Beaded Crystal Bracelet - Adjustable Size (5.9-7.87in) Accessories for Adults, Abundance & Prosperity, Wealth-Attracting Anniversary Costume Jewelry",,2243.0,25100.0,29300.0,314900.0,15.0,,Arpurraina Shop,手环与手链,,,-14.42,products_sales_us.csv
264,"Soco Exquisite 3-Pair 14K Gold Plated Layered Hoop Earring Set for Women, Geometric and Round Huggie Earrings with Hinged Clasps, Model DDES0407",13.9,2224.0,29300.0,6589.0,78500.0,10.0,,Soocosisx,耳环,,,282.13,products_sales_us.csv
265,[3 In 1 Half Wig] OQ HAIR Afro Curly Wear Go Glueless Half Wig 180% 250% Density Upgrade With Drawstring Cap Invisible Hairline Human Hair Wigs Beginner Friendly #SohoChic #TikTokShopBackToSchool,,2213.0,250000.0,31100.0,2968100.0,3.0,,OQ HAIR SHOP,真人发前蕾丝头套,,,322.33,products_sales_us.csv
266,"ShineThru Women's Aviator Sunglasses - Trendy Designer Full-Rim UV400 Protection Eyewear, Gold Trim Black Frame, Lightweight Pilot Style, Fashionable Accessories for Women, Trendy Sunglasses",10.66,2212.0,26600.0,6381.0,75000.0,13.0,,ShineThru,太阳镜,,,-0.23,products_sales_us.csv
267,Pobokix Burmese Curly 3 IN 1 Half Wigs Human Hair Glueless Wig Human Hair Half Wig Drawstring 200% Density Burmese Curly Hair Half Wig For Women,,2206.0,198100.0,4016.0,344900.0,1.0,,Pobokix,真人发全机制头套,,,239.91,products_sales_us.csv
268,UNC Premium Trucker Snapback Hat,,2205.0,75800.0,7267.0,261100.0,10.0,,The Mad Hatter Company,帽子,,,-17.85,products_sales_us.csv
269,"Women's 6-Count Elastic Headbands Set - Metal Body Wave-Zig Zag Training Headbands with Comb, Textured Twist Design, Sports Hair Accessory, Ideal Gift, Body Wave Headband",11.9,2202.0,31400.0,11700.0,165000.0,15.0,,lumoqi,发带发箍,,,-7.28,products_sales_us.csv
270,"Wigs Human Hair, 1 Pcs Light Brown Wig Caps for Women, Ultra-Thin Stretchy Nylon Lace Front Stocking Caps",26.74,2201.0,61400.0,21100.0,722100.0,1.0,,Tiwugi hair store,真人发前蕾丝头套,,,17.89,products_sales_us.csv
271,Sincerely serve 100% real human hair customers,26.74,2200.0,63000.0,21100.0,715600.0,1.0,,Tiwugi hair store,真人发前蕾丝头套,,,114.42,products_sales_us.csv
272,"Wig Human Hair, 1 Piece Wig Band Lace Melting Band Adjustable Wig Elastic Bands Wig Edge Wrap Band for Laying Edges Keep Wigs in Place",26.74,2199.0,62300.0,21200.0,722600.0,1.0,,Tiwugi hair store,真人发前蕾丝头套,,,17.91,products_sales_us.csv
273,Wig Transparent Bag For Storing Wigs,43.56,2199.0,94600.0,18900.0,662000.0,1.0,,Tiwugi hair store,真人发前蕾丝头套,,,142.45,products_sales_us.csv
274,"Wig Cap for Lace Front Wig Stretchy Nylon Wig Caps, Wig Cap for Women,For Wigs Nude Wig Cap 1 Piece (for Human Hair)",26.8,2199.0,63000.0,19800.0,688800.0,1.0,,Tiwugi hair store,真人发前蕾丝头套,,,17.72,products_sales_us.csv
275,"Fashionable Round Shaped Hoop Earrings, Circle Shape Earrings, Rounded Hoop Earrings, Stylish Jewelry, Fashion Jewelry for Party, Daily Clothing Decor, Trendy All-match & Exquisite Jewelry for Birthday Gift",1.1,2195.0,3065.45,23500.0,56300.0,8.0,,JSY Custom,耳环,,,-11.24,products_sales_us.csv
276,〖Summer Vibes〗1/2 PCS Retro Oversized Aviator Sunglasses for Women Men 70s Style UV400 Protection Luxury Thick Frame Fashion Shades,,2194.0,28100.0,4674.0,62400.0,15.0,,TS Fashion Boutique,太阳镜,,,8.29,products_sales_us.csv
277,Tuneful Half Wig 3 IN 1 Burmese Curly Human Hair Wigs For Women 180% Density Glueless Kinky Culry Human Hair Wigs Wig With Drawstring Seamless Clip Ins Flip Over Quick Install For Women,,2192.0,147100.0,34200.0,2187200.0,1.0,,Tuneful Hair,真人发全机制头套,,,37.26,products_sales_us.csv
278,Zig Zag Headband 2pc - Black & Tort,11.1,2186.0,19000.0,40500.0,314000.0,17.0,,Kitsch,发带发箍,,,-1.26,products_sales_us.csv
279,"New 2026 Ramiss Highlight Ombre Burmese Curly Honey Blonde 4/27 Crochet Human Hair Pre-Separated 50g/Pack Time-Saving, 40 Strands/Pack Mircale Knots Hot braids,4-5 Packs for Full Head Light Weight No Tension Reusable Feather Crochet #DealsForYouDays",,2185.0,90800.0,5130.0,219800.0,6.0,,Ramiss Hair,真人发接发&发片,,,85.64,products_sales_us.csv
280,Blissy Silk Bonnet – 100% Mulberry Silk – Anti-Frizz Hair Protection – Extends Blowouts,68.36,2182.0,115200.0,41100.0,2558900.0,20.0,,BlissyBrand,头绳,,,-73.39,products_sales_us.csv
281,"Gold Plated Chain and Pendant Set - 22"" 4mm Chain with Tricolor Charms for Boys & Girls - Perfect Gift for Mom Aunt Niece Daughter",13.99,2182.0,33600.0,8932.0,132500.0,12.0,,Nancy elizabeth varela,项链,,,80.48,products_sales_us.csv
282,"2 pair Earring 18K Gold Plated Set for Men and Women. Features VVS - cut round and square gemstone earrings. These delicate, elegant and stylish accessories are for pierced ears.TikTokShopBlackFriday",13.99,2181.0,33000.0,16400.0,239700.0,9.0,,STEFEN FLAME Jewelry,耳环,,,148.97,products_sales_us.csv
283,"""1pc Elegant Heart Key Pendant Bracelet, Women's Bracelet, 13 Small Pendants, Bohemian Style, Shiny and Exquisite Silvery, Women's Fashion Jewelry Accessories, Suitable for Wife, Girlfriend, Fashion Gift, Birthday Gift "" bangle, Bracelets, Accessories Fo",8.69,2165.0,18900.0,4798.0,42700.0,10.0,,Jadeglow Lane,手环与手链,,,893.12,products_sales_us.csv
284,"Sohochic Women's 20in Clip-in Synthetic Artificial Hair Extensions, 4PCS Thick Double Weft Hairpieces with Styling Clips, S-Blonde Brown Mix Wine Red S-Dark Brown Long Volume Wavy/Straight Daily Use Fashion Accessory",27.43,2160.0,76100.0,5285.0,190200.0,,,WIG QUEEN,发夹发簪,,,-10.41,products_sales_us.csv
286,"Men's Sporty Glasses, Active Eyewear, Trendy Casual Wraparound Frame Glasses for Everyday Use, Summer Sports Glasses, Fashion Accessories for Outdoor Activities, Lightweight Sports Sunglasses",11.72,2147.0,29000.0,12000.0,119800.0,8.0,,ZX Coolmaker,太阳镜,,,156.51,products_sales_us.csv
287,2pcs Titanium 18G/20G Horseshoe Nose Ring 7.5mm Inner Diameter Body Piercing Zircon 3mm Barbell Jewelry with Free Gem Picker Tool | Caution: Avoid Overtightening; Pre-Tighten with Provided Tool then Complete Tightening by Hand,,2139.0,29800.0,9334.0,127900.0,10.0,,Neeyer Beauty USA,身体饰品,,,-16.54,products_sales_us.csv
288,"PANEWAY 16 Inch Curly Wavy Hair Topper for Women – Lightweight Clip-In Hair Topper, Natural Scalp Appearance, Seamless Coverage, Instant Volume for Thinning Hair",,2138.0,95400.0,13800.0,642900.0,9.0,,Paneway,化纤接发&发片,,,-9.87,products_sales_us.csv
289,【SummerVibes】SUNGAIT Men's Military Polarized Aviator Sunglasses UV400 Protection Unisex HD Lens Bayonet Temples for Outdoor Activities Mirrored Shades Anti Uv,,2135.0,39700.0,26200.0,458700.0,15.0,,SUNGAIT,太阳镜,,,33.44,products_sales_us.csv
290,[New Color] Ishow Hair Burmese Curly Crochet Human Hair With Knotless Colored Pre-Separated Invisible Crochet Hair #DealsforYouDays #SummerWins,,2128.0,103300.0,3212.0,158400.0,5.0,,Ishow Hair,真人发接发&发片,,,149.47,products_sales_us.csv
291,"OUFER 20G ASTM F136 Titanium Threadless Push Pin Flat Back Nostril Nose Ring - 7mm Bar Heart-Star, Flat Pierced Threadless Non Tarnish Dainty CZ Body Jewelry for Women’s Helix Lobe Piercings, Flat Pierced Jewelry, Threadless Jewelry in Silver/Gold/Black",,2127.0,32000.0,8016.0,113900.0,14.5,,Oufer Body Jewelry Studio,身体饰品,,,93.89,products_sales_us.csv
292,High Heels Rhinestone Tassel Keychain - Pink Glitter Shoe Charm with Gold Tone Hardware,,2119.0,49200.0,8241.0,144800.0,15.5,,MYS Scents,钥匙扣,,,130.83,products_sales_us.csv
293,"Polka Dot Pattern Hair Band, Casual Simple Hair Accessories for Women & Girls, Minimalist Headwear Suitable for Thick Hair, Headband, Hairband",2.78,2117.0,9003.65,22400.0,118600.0,8.0,,YourBeautyAccs,发带发箍,,,274.69,products_sales_us.csv
295,"Energy magnet bracelet, eco-friendly alloy with diamonds, adjustable ladies' wristband，Valentine's Day gift, Christmas gift",6.9,2107.0,16700.0,59400.0,571500.0,10.0,,LINTNIPIECD,手环与手链,,,43.53,products_sales_us.csv
296,"Fashion Metal Frame Men‘s Sunglasses Case - Great for Cycling, UV protection, Driving, Fishing & Outdoors",,2105.0,85700.0,2443.0,99000.0,12.0,,LEATHEM,眼镜盒与配件,,,522.78,products_sales_us.csv
297,Pizazz 1 Piece Silk Satin Hair Ties Ponytail Holder,56.99,2103.0,119800.0,7258.0,435300.0,14.5,,Pizazz Hair Shop,头绳,,,-47.23,products_sales_us.csv
298,"Women's 9pcs Copper Non-Piercing Nose Clips - U-Shape, Star, Love, Crown Designs with Zirconia, Aesthetic Whimsical Fake Nose Rings, Funky Unique Accessories for Women, Chic Whimsical Gifts (TikTok Shop Spring Glow Up Pick), Teenage Girls Gifts",8.9,2101.0,20300.0,11800.0,113400.0,15.0,,Arpurraina2,身体饰品,,,-22.16,products_sales_us.csv
299,"Women's 4-Piece Semi-Rimless Oversized Square Sunglasses - Chic Black Anti-UV Minimalist Eyewear, Leopard Print Styles for Streetwear, Outdoor Use, Back to School Sports Eyewear",9.99,2100.0,22100.0,2936.0,30600.0,12.0,,Halo Daily Shop,太阳镜,,,195.77,products_sales_us.csv
300,"2 Pcs Gold Anklets for Women, Waterproof 14K Gold Plated Cuban Link Cuban Chain Anklet and Beaded Stackable Bracelets, Non-Tarnish Lightweight Custom Jewelry Gifts Layered Anklet",2.78,2089.0,4047.97,9537.0,19600.0,8.0,,TIK FANS TOK,脚链,,,29.19,products_sales_us.csv
301,"6 Pairs Retro Small Frame Classic Sunglasses for Men and Women, Vintage Trendy Sunglasses, Casual Sunglasses, Stylish Travel Sunglasses for Everyday, Versatile UV Protection Glasses",3.6,2087.0,7836.64,29300.0,234400.0,8.0,,ClearLen,太阳镜,,,-18.95,products_sales_us.csv
302,1 Count Soft Scrunchies Random Color,99.0,2079.0,228700.0,4913.0,547500.0,1.0,,Mamushow Hair Fashion,头绳,,,153.54,products_sales_us.csv
303,"YAPPY Inspirational Bible Verse Bracelets for Women & Men, Reversible Waterproof Design with NFC Daily Faith Quotes, Great GF or BF Gift, Gifts For Women, Gf Gift",11.2,2074.0,30800.0,295200.0,3885300.0,15.0,,Yappy Bracelets,手环与手链,,,4.54,products_sales_us.csv
304,"Cute leopard print plush sleep cap with bear ears and a bow; women’s sleep cap with ruffle detailing and satin lining; anti frizz hair protection night cap; soft, stretchy headwear suitable for curly haired users during sleep, everyday beauty routines, an",12.9,2072.0,30100.0,2794.0,40800.0,12.0,,CANDY YOYO,帽子,,,1446.27,products_sales_us.csv
305,ISEE HAIR 250% Kinky Curly Wear Go Half Wig – Glueless Human Hair Wig Invisible Hairline Drawstring Seamless Blend Beginner Friendly Hairpiece No Leave Out Flip Over Wig Summer Hairstyles Budget Friendly Wig Beach Essential#SoHoChic#TikTokShopBackToSchool,,2071.0,231700.0,55600.0,5517500.0,3.0,,ISEE HAIR BEAUTY,真人发全机制头套,,,-20.22,products_sales_us.csv
306,"2 Pcs Adjust Satin Hair Scrunchies for Women Girls, Adjustable Hair Ties Soft Than Silk for 4c Girlie Thick Curly Natural Hair, Easy to Use Hair Accessories for Afro Puff Loc Ponytails (black)",,2057.0,26300.0,5751.0,69600.0,10.0,,Yuehuan Store,头绳,,,96.47,products_sales_us.csv
307,GWZHL-Gift Internet Celebrity Cute Keychain Blind Bag Cartoon Resin Cute Packaging Pendant Kindergarten children's Gift Stall Prize,0.99,2052.0,2242.2,6526.0,7093.08,5.0,,RegalRegal,首饰吊件及装饰,,,88.43,products_sales_us.csv
308,TEWIKY Ankle Bracelets For Women Waterproof Chunky Cuban Link Chain Trendy Large Layer Anklet Set Jewelry Gift for fashion For Summer Jewellery dealsforyoudays Jewlery anklet For Valentine's Day gifts,,2045.0,27500.0,15400.0,203800.0,12.0,,Tewiky,脚链,,,-15.29,products_sales_us.csv
309,"S925 Sterling Silver Moonstone Synthetic Women's Adjustable Thumb Open Ring, Victoria Vintage Style Hypoallergenic Nickel Free, Retro Floral, Lucky, Faith, Mother's Love Ring, Bohemian Style, Daily, Party, Holiday, Valentine's Day, Halloween, Easter Gift",21.3,2037.0,50600.0,3448.0,86400.0,10.0,,Vinci Jewelry,戒指,,,46.13,products_sales_us.csv
310,Hot Star 613 Blonde and Neon Red 180 Density Straight and Body Wave HD Transparent 13x6 Lace Front Human Hair Wigs for Women Glueless Brazilian hair Lace Frontal PrePlucked Wig,,2036.0,136300.0,57700.0,3686200.0,1.0,,Hot Star Hair,真人发前蕾丝头套,,,32.21,products_sales_us.csv
311,LaaVoo Micro Ring Hair Extensions Real Human Hair 14-28inch Micro Bead Hair Extensions 57 Grams Summer Outfit,,2035.0,61600.0,39400.0,1199500.0,10.0,,LaaVoohair,真人发接发&发片,,,9.12,products_sales_us.csv
312,"Women's Floral Leopard-Print Shawl Set, Scarf and Matching Headband, Sun-Protection Boho Beachwear Accessory, Boho Style Shawl",10.29,2031.0,39400.0,3210.0,53000.0,8.0,,IROJEFF,围巾&围脖,,,234.6,products_sales_us.csv
313,"70 Pcs Vintage Crystal Ring Set, Jewelry Knuckle Rings for Women, Bohemian Boho Stackable Joint Rings, Retro Joint Finger Rings, Jewellery",8.97,2029.0,26500.0,3831.0,42900.0,8.0,,Drperfect Jewelry,戒指,,,201.04,products_sales_us.csv
314,"MILACOLATO Cubic Zirconia Stud Earrings Hypoallergenic 925 Sterling Silver Post Earrings Big Brilliant Stud Earrings for Women Men, Men's Accessories, Gifts For Boyfriend",,2019.0,23500.0,50900.0,574700.0,12.0,,MILACOLATO OFFICIAL,耳环,,,2025.26,products_sales_us.csv
315,Tahikie Burmese Curly 7x6 HD Lace Pre Plucked Glueless 99J Burgundy Deep/Kinky Curly / Deep Wave / Body Wave / Water Wave Human Hair Wigs Upgrade With Drawstring Cap One-Step Invisible Hairline For Women #tiktokshopmemorial#TikTokShopBackToSchool#SohoChic,,2017.0,194100.0,17900.0,1637300.0,1.0,,Tahikie,真人发发块头套,,,88.33,products_sales_us.csv
316,Frodio Veralux™ Blend Human Hair Boho Curly Wig with Bangs Effortless Shaggy Waves | Ready To Wear#SohoChic,,2015.0,110200.0,36400.0,2130300.0,5.0,,FRODIO,真人发前蕾丝头套,,,149.38,products_sales_us.csv
317,"Elegant Shell Letter Initial Necklace Pendant with Artificial Crystal Beaded Chain, Stylish Stainless Steel Jewelry Gift, Fashion Accessory for All Seasons, Initial Pendant Necklaces",,2012.0,3787.8,12800.0,32400.0,8.0,,yumfeel,项链,,,146.57,products_sales_us.csv
318,Polarized Over Glasses Sunglasses for Women Sunglasses that Fit Over Glasses UV400 Protection for Outdoor Driving,12.6,2000.0,27500.0,21000.0,294100.0,10.0,,SunniesHub,太阳镜,,,-55.8,products_sales_us.csv
319,Wiggins Hair Human Hair Wig for FIVE Stars Review And Sharing Videos Reward,9.99,1999.0,22300.0,27500.0,288700.0,5.0,,Wiggins Hair,发带发箍,,,86.47,products_sales_us.csv
320,[YWIGS] Bulk Human Hair for Braiding No Wefted Natural Color - Human Hair for Boho Braids #backtoschool #backtoschoolshopping #sohochic,,1990.0,106000.0,22900.0,1191600.0,5.0,,YWIGS,真人发接发&发片,,,-32.4,products_sales_us.csv
321,"Men's Plastic Square Round Full Frame Fashion Glasses, Retro Hong Kong Style, Casual Wear, Decorative Eyewear, Classic Elegant Design",3.3,1989.0,6753.05,7846.0,30400.0,8.0,,XINCHI GLASSES,镜框与镜片,,,135.11,products_sales_us.csv
322,"2024 Summer Rhinestone Decorated Trendy Bangle, Elegant Fashion Accessories for Women & Men Daily Wear, Minimalist Aesthetic Jewelry Gift, Copper Bangles, Copper Metal Bracelet, Exquisite Trendy Bracelet, Copper Bracelets",,1987.0,2578.82,39200.0,156200.0,8.0,,Cando Jewelry,手环与手链,,,16.33,products_sales_us.csv
323,OQ HAIR #4 Chocolate Brown Feather Crochet Human Hair Burmese Curly Machine Made Crochet Weave Hair Extensions for Volume and Length #SohoChic #TikTokShopBackToSchool,,1983.0,131800.0,2651.0,177800.0,3.0,,OQ HAIR SHOP,真人发全机制头套,,,1449.22,products_sales_us.csv
324,"New Fashion Unisex Sunglasses for Young Adults, PC Frame, Trendy Casual Sunglasses, Perfect for Daily Wear & Holidays, Modern Trendy Sunglasses",5.4,1975.0,11300.0,6667.0,39800.0,8.0,,Clever Eyes Glasses,太阳镜,,,11.9,products_sales_us.csv
325,"24pcs Women's Leopard Print Sporty Hair Bands, Elastic Stretchy Sweat-Wicking Sports Workout Headbands for Yoga Running Spa, Fashion Dot Hair Accessories",3.38,1974.0,9512.39,4216.0,20800.0,8.0,,Shenzhen Songlin,头绳,,,524.68,products_sales_us.csv
326,"GANIA delicate 26-letter gold pendant with star decorations, an elegant lady's necklace, the ideal choice for Valentine's Day gifts",,1974.0,27800.0,8201.0,113500.0,10.0,,GANIA,项链,,,46.88,products_sales_us.csv
327,"Fintie Unisex Vegan PU Leather Eyeglasses Holder Stand - Plush Lining, Magnetic Base, Durable Portable Glasses Storage, Ideal for Bathroom Use, Anniversary/Christmas/Birthday Gift Eyewear Accessory, Computer Desk, Anniversary Gift, Quirky Gifts",,1966.0,24900.0,34300.0,424500.0,10.0,,Fintie LLC,眼镜盒与配件,,,-15.48,products_sales_us.csv
328,GOO GOO Hair Extensions Tape in Human Hair Natural Straight summer hairstyles #tiktokshopbacktoschool #sohochic,,1957.0,72200.0,100700.0,3639800.0,8.0,,GOO GOO,真人发接发&发片,,,17.61,products_sales_us.csv
329,[Lowest Price Ever]Crochet Human Hair For Knotless Feather Human Hair For Boho Braids 4 to 5Pcs Recommend Multiple Curly & Wave Texture Protective Hairstyles For Black Women #SummerVibes,38.8,1941.0,90500.0,6106.0,302600.0,6.5,,Ishow Hair,真人发接发&发片,,,57.17,products_sales_us.csv
330,Money Magnet! Lucky Four-Leaf Clover Green Aventurine Bracelet - Manifest Wealth & Prosperity Crystal Charm,9.26,1939.0,15300.0,4466.0,36000.0,10.0,,HEILSZHSHOP,手环与手链,,,156.48,products_sales_us.csv
331,"Women's Solid Color Scarf, Casual Soft Comfortable Knit Shawl for Daily Wear, Fashion Accessories for Women & Girls",,1936.0,22100.0,36900.0,495100.0,8.0,,IROJEFF Shop,围巾&围脖,,,45.24,products_sales_us.csv
332,YoungSee Nano Beads Hair Extensions Human Hair Silky Hair Extensions for Women Nano Link to Change Your Look #Summerwins #Dealforyourdays #SummerVibes Natural Looking Hair Summer braids half wig summer hair style glueless wig,,1935.0,60900.0,6795.0,214200.0,11.0,,YoungSee Hair,真人发接发&发片,,,11.91,products_sales_us.csv
333,"17KM Gold Bracelets Jewelry for Women, Waterproof Beaded Strand Bead Ball Bracelet Stack, Adjustable Bracelet for Gifts, summerwins",,1931.0,27800.0,39500.0,540200.0,10.0,,17KM,手环与手链,,,145.05,products_sales_us.csv
334,"Unisex Breathable Skull Cap - Bold Paisley Look, Biking Ready, Adjustable Tie-Back, Cool Helmet Liner, Gym Heat Control, Gym Sweatband Use, 2 Sizes (21.5""-23.5""/55-60cm,24.5""-25.5""/62-65cm), Hand Washable, Outdoor Headwear, Mens Hats, Adults' Accessories",,1921.0,22400.0,5689.0,66500.0,11.0,,Forugift,帽子,,,494.74,products_sales_us.csv
335,"KissYan Initial Letter Pendant Necklace for Men Womens, 14K Gold Plated Square Capital Monogram Necklace Alhpabets from A-Z Figaro Chain Necklace Gifts TikTokShopBackToSchool",,1913.0,36400.0,134900.0,1751800.0,10.0,,KissYanOfficial,项链,,,76.48,products_sales_us.csv
336,"Y2K Pyramid Stud Rivet Waist Belt for Men and Women, Punk Style Belt, Punk Streetwear PU Leather Jeans Accessory, Punk Fashion Belt",4.21,1906.0,10000.0,2935.0,14800.0,8.0,,Chic Trend Belts,皮带,,,89.28,products_sales_us.csv
337,"Seagull MINE! Button Keychain-Real Sound & LED Light, Funny Interactive Gift for Friends & Family campingessentials",,1904.0,28200.0,6950.0,106100.0,12.0,,HappyNest Mart,钥匙扣,,,43.27,products_sales_us.csv
338,13*4 Lace Front Wig 26'' Ombre Blonde Layered Wave Synthetic Glueless Lace Wig Long Wavy Hair with Baby Hair Pre Pluck Ombre Wigs for Women Natural Daily Use,,1897.0,93300.0,10300.0,487300.0,3.0,,NAYASA Hair,化纤前蕾丝头套,,,84.89,products_sales_us.csv
339,"Women's Solid Color Straw Beach Hat, Casual Outdoor Sun Protection Cap for Women & Girls, Fashion Accessories for Daily Wear, Breathable Head Cover",4.5,1897.0,14200.0,13700.0,97000.0,8.0,,Chic Chic Scarves,帽子,,,-10.26,products_sales_us.csv
340,"Unisex 2026 Tactical Metal Hook Waist Band - Invisible Buckle Low Profile Elastic Fabric Belt, Soft Adjustable Side, Men's Adjustable Band, Men's Accessories, Accessories Adults, Adjustable Band Men's Belts",8.7,1893.0,20300.0,2678.0,28700.0,3.0,,Novira,皮带,,,143.94,products_sales_us.csv
341,"Women's Stainless Steel Necklace with Zirconia Cross Crown Initial Pendant, Casual Fashion Lip Chain Jewelry for All Seasons, Letter Necklaces, Cross Design Necklace",2.23,1892.0,4879.58,20600.0,73700.0,8.0,,XinQiBai8 Jewelry,项链,,,99.79,products_sales_us.csv
342,"GOO GOO Invisi Edge Tape in Hair Extensions Remy Human Hair, 14inch-24inch 20pcs 50g, Straight Natural Virgin Remy Hair, Seamless Injected Tape, Natural Look summer hairstyles #tiktokshopbacktoschool #sohochic",,1880.0,99100.0,18100.0,1029900.0,8.0,,GOO GOO,真人发接发&发片,,,12.71,products_sales_us.csv
343,YLNWH Bracelet Helper Tool for Self-Wearing Fastening Assistant Easy to Use Versatile for Various Bracelets User-Friendly Design Ideal for Everyday Use,8.49,1876.0,17100.0,6878.0,60500.0,15.0,,Nuvilite,珠宝调节保护工具,,,-18.43,products_sales_us.csv
344,Beanie Hat,20.0,1868.0,39600.0,2622.0,54700.0,15.5,,Hype Wall,帽子,,,290.79,products_sales_us.csv
345,Cute Bein 40 Inch 613 Blonde 13x6 HD Lace Frontal Wigs Pre Plucked 613 Blonde Corlored Lace Front Human Hair Wigs For Women Can Be Dyed & Restyle,,1868.0,136600.0,41900.0,2574300.0,1.0,,Cute Bein Hair Shop,真人发前蕾丝头套,,,31.92,products_sales_us.csv
346,"SOJOS Retro Trendy Oval Polarized Sunglasses for Women Men, 90s Vintage Circle Round Sunnies",,1865.0,36300.0,6529.0,141000.0,10.0,,SOJOS,太阳镜,,,25.17,products_sales_us.csv
347,"Tasiso Women's Dainty Gold Cross Necklace - 15""+2"" Extension Chain, Hypoallergenic, Eco-Friendly Gold Jewelry, Exquisite Chic Cute Accessories for Women, Mother's Day Gift for Mom",,1864.0,26300.0,15000.0,169500.0,10.0,,Tasiso,项链,,,131.55,products_sales_us.csv
348,"Japanese Street Style Camp Hat, Men's 5-Panel Polyester Baseball Cap, Lightweight & Breathable, Sporty Chic Streetwear, Men's Accessories for Adults, Mens Hats, Accessories Adults, Gifts For Him, Guys Gifts, Cool Gifts For Guys, Baseball Drip",14.96,1863.0,30000.0,7915.0,123600.0,11.0,,TIANYUE Accessories&Hats,帽子,,,-35.76,products_sales_us.csv
349,Lush Haute 13X6 Synthetic Lace Front Wig Kinky Straight Lace Front Wig Pre Plucked 180% Density Yaki Straight Lace Front Wigs For Black Women Heat Resistant Hair,,1856.0,82300.0,18400.0,820900.0,10.0,,Lush Haute,化纤前蕾丝头套,,,112.6,products_sales_us.csv
350,"Unisex Pebbled Pattern Roller Belt, Colorful Crosses Detail, Retro Vine Style Buckle, Fashion Clothes Accessory for Youth, Belts",,1855.0,35500.0,3083.0,57400.0,13.0,,Thrivedina,皮带,,,163.49,products_sales_us.csv
351,【#1 24inch only 53.24】Doores Tape in 10-28'' length Remy Human Hair Extensions Natural Straight#tiktokshopbacktoschool,,1854.0,41500.0,30700.0,768200.0,5.0,,Doores Hair Extensions,真人发接发&发片,,,26.64,products_sales_us.csv
352,"KAIRIYA 18 Inch Long Wavy Ponytail Extension with Elastic Hair Tie, Natural Wavy Hairpieces for Women, Soft Synthetic Hair Extensions for Daily Use",9.0,1850.0,16000.0,2837.0,23800.0,8.0,,KAIRIYA Hair,化纤接发&发片,,,239.45,products_sales_us.csv
353,"KIMORN Oval Cat Eye Polarized Sunglasses for Women, Y2K Vintage Style, for Travel Beach Daily Wear Summervibes",16.99,1850.0,30100.0,2931.0,44800.0,15.0,,AE Glasses,太阳镜,,,196.0,products_sales_us.csv
354,"GOO GOO Hair Extensions Elf Curl Clip in Human Hair Extensions, 7pcs/9pcs 18-24inch curly hair，Elf Curl Clip in Human Hair Double Weft Natural Curl Hair Full Head for Women summer hairstyles #tiktokshopbacktoschool #sohochic",85.4,1848.0,203400.0,8919.0,886800.0,5.0,,GOO GOO,真人发接发&发片,,,2.27,products_sales_us.csv
355,OQ HAIR Burmese Curly Wear Go Half Wig Seamless Water Wave Flip Over Wig 3 IN 1 Wear Go Glueless Human Hair Wigs With Drawstring Invisible Hairline for Beginner Friendly Vacation Hair Wigs #SohoChic #TikTokShopBackToSchool,,1847.0,253200.0,21800.0,2460100.0,3.0,,OQ HAIR STORE,真人发前蕾丝头套,,,3.07,products_sales_us.csv
356,【18”Only $87.99】BANGJAZZ Short Kinky Curly Ready to Wear Glueless Wigs Pre Cut Lace Bleached Konts Closure Wigs Human Hair Wig 200% Density Lace Front Wigs Pre Plucked For Women #TikTokShopBackToSchool,,1844.0,82600.0,33500.0,2708500.0,3.0,,bangjazzhair,真人发前蕾丝头套,,,-7.62,products_sales_us.csv
357,Ishow Burmese Curly Crochet Human Hair With Knotless Colored Pre-Separated Invisible Crochet Hair 27# Boho Braids Vacation Hair #DealsforYouDays #SummerWins,,1842.0,81900.0,1939.0,85800.0,5.0,,Ishow Hair,真人发接发&发片,,,1798.97,products_sales_us.csv
358,Silicone Perfume Oil Keychain - Free With Any Perfume Oil,15.0,1833.0,36100.0,10600.0,191300.0,12.0,,CYKLAR,钥匙扣,,,-6.0,products_sales_us.csv
359,【26“ only $130】Mamushow 3 in 1 Half Wig Burmese Curly 100% Human Virgin Hair Seamless Flip Over Beginner Friendly Glueless Wear & Go Drawstring Clip in Wig Black Color 14-26 Inch 200% Density #TikTokShopBackToSchool#SohoChic,,1833.0,183500.0,6469.0,521100.0,1.0,,Mamushow Hair Fashion,真人发全机制头套,,,166.81,products_sales_us.csv
360,TEWIKY (J) Anklets & Bracelets | 14K Gold Plated Jewelry Auction Exclusive J,16.99,1831.0,32800.0,2318.0,41500.0,,,Tewiky,脚链,,,,products_sales_us.csv
361,"Men's Adjustable Leather Ratchet Belt with Automatic Buckle, No-Hole Dress Belt for Casual & Business Wear, Perfect Gift for Dad tiktokshopbacktoschool,back to school,back to school haul",11.0,1826.0,20600.0,66000.0,724900.0,10.0,,XMWUS,皮带,,,-80.5,products_sales_us.csv
362,"To My Son Infinity Knot Bracelet, Forever Linked Together Leather & Stainless Steel Engraved Jewelry from Mom for Birthday Christmas",12.99,1823.0,23200.0,3649.0,44600.0,5.0,,Lyaney,手环与手链,,,26.95,products_sales_us.csv
363,"New 2026 Ramiss Mircale Knots Crochet Human Hair Loose Deep Pre-Separated 50g / Bundle Time-Saving, 40 Strands, Hot Boho Braids Knotless Feather Crocher Human Hair 4-5 Bundles Recommended for a Full Head",37.3,1818.0,77300.0,6329.0,271400.0,6.0,,Ramiss Hair,真人发接发&发片,,,-10.27,products_sales_us.csv
364,"goodr Amelia Earhart Ghosted Me Large Size (Mach G) Translucent Brown Frame with Brown Lens, UV400, No Slip No Bounce No Tangle",30.0,1816.0,68100.0,19000.0,689000.0,10.0,,goodr,太阳镜,,,19.47,products_sales_us.csv
365,"GANIA Gold-Plated Iris Flower Cross Necklace – Electroplated Finish (Brass Base), Christian Symbol Pendant, Unisex Gift for Daily Wear",,1810.0,27600.0,3282.0,50500.0,10.0,,GANIA,项链,,,654.17,products_sales_us.csv
366,Full Shine Tape in Hair Extensions Natural Straight Real Human Hair 20 Pcs 50 Gram for Beauty Women Seamless Hair Double Sided for Skin Weft Tape in Hair Length And Volume Natural Long Hair Look Realistic Hairpiece #sohochic #TikTokShopBackToSchool,,1808.0,34600.0,50600.0,1898500.0,12.0,,FullShineHair,真人发接发&发片,,,-3.62,products_sales_us.csv
367,Full Shine Clip In Hair Extensions Real Human Hair 7 Pcs Natural Straight 10-28 Inch 100-220 Grams Easy Application for Women Hairpiece Silky Straight Remy Hair #sohochic #TikTokShopBackToSchool,,1801.0,68200.0,41500.0,2587400.0,11.0,,FullShineHair,真人发接发&发片,,,34.7,products_sales_us.csv
368,【V Part Wig No.1】Mamushow V Part Wigs With Invisible Strap Drawstring 100% Human Virgin Hair Body Wave Glueless Wig 180% Density Curly Wigs Natural Black #TikTokShopBackToSchool#SohoChic,,1799.0,128900.0,37400.0,2050900.0,1.0,,Mamushow Hair Fashion,真人发全机制头套,,,140.51,products_sales_us.csv
369,[30inch only $118]Zlzlblbl 13x6 Deep Wave Lace Front Wig Human Hair Pre Plucked 99J Burgundy HD Lace Front Wigs Wine Red Colored Transparent Lace Front Wig Human Hair Pre Plucked With Baby Hair tiktokshopspringglowup Kinky Curly Wig,,1793.0,124500.0,5179.0,370300.0,1.0,,Zlzlblbl Hair Factory Store,真人发前蕾丝头套,,,46.01,products_sales_us.csv
370,S925 Silver Stud Earrings - Classic &Fashion Ear Jewelry Perfect Birthday Mother'sDay Unisex Gift for Men Women Wedding Set,,1792.0,22300.0,10700.0,120400.0,16.0,,Blink n Bling,耳环,,,1471.93,products_sales_us.csv
371,"Vintage Cross Chain Wallet and Jeans Waist Chain, Punk Hip-Hop Two-Layer Metal Belt for Men and Women, All-Season Streetwear Accessory, Waist Jewelry",,1785.0,6593.15,3641.0,14800.0,8.0,,XXG,皮带,,,468.47,products_sales_us.csv
372,"Moomoo Women's 2 Piece Kaftan Set, Oversized Bohemian Rose Floral Print Satin Maxi Dress with Scarf for Party & Beach Vacation, Fashion Apparel, Women's Fashion, 2 Piece Sets, Clothes For Women",,1782.0,23600.0,8070.0,103400.0,10.0,,Laruda-oula,围巾&围脖,,,832.98,products_sales_us.csv
373,Classic Simple 18K Gold Plated Wedding Band Engagement Wedding Ring,1.38,1781.0,3092.09,30100.0,59400.0,8.0,,DAILIJY JEWELRY,戒指,,,264.21,products_sales_us.csv
374,Retro Oversized Aviator Sunglasses for Women Men 70s Style UV400 Protection Luxury Thick Frame Fashion Shades#SummerVibes,,1780.0,20400.0,44100.0,1343500.0,15.0,,A.June's Shop,太阳镜,,,-36.18,products_sales_us.csv
375,"Women's Fashion Print Long Robe Set, Moomoo Dress + Scarf Headband, Casual Woven Fabric, Soft Thin All-Season Wear, Beach Sun Protection",7.6,1779.0,18500.0,20700.0,225000.0,8.0,,IROJEFF,围巾&围脖,,,80.43,products_sales_us.csv
376,"Fashion Men‘s Sunglasses Case - Great for Cycling, Motorcycle Riding, Fishing & outdoors",,1774.0,58700.0,7018.0,242400.0,12.0,,JUICY BONUS,眼镜盒与配件,,,6.67,products_sales_us.csv
377,"8 Pcs Pearl Brooch Pins,Safety Pins for Clothing Dress pants skirt Cardigan Collar，Faux Pearl Rhinestones Brooches for Women Girls Pants Extender Safety Pins",7.99,1773.0,8264.76,4706.0,21100.0,14.0,,QuorraHub,领夹&胸针,,,137.35,products_sales_us.csv
379,"EUNOIALENS Unisex Style 2PCS Chunky Rectangle Full Rim Plastic Bold Frame Sunglasses - UV400 Protection, Standout Beach-Themed, Shared Wear, Men's Accessories, Ideal for Casual Outings & Beach Days, Womens Sunglasses",12.65,1768.0,24400.0,9296.0,135200.0,15.0,,DS high quality goods,太阳镜,,,-3.76,products_sales_us.csv
380,[Set] 14K Real Gold-Plated Cuban Necklace & Bracelet with Miami Link Chain Stainless Steel Thick Anti-Friction Chain and Diamond Clasp for Men and Women 6/8/10/12/14MM Colorfast Waterproof Thickened Hip Hop Jewelry Black Friday,,1764.0,57100.0,7990.0,191600.0,5.0,,KEE Jewellery,项链,,,869.23,products_sales_us.csv
381,1Pack Satin Hair Scrunchies for Women - Glossy Satin Scrunchies for Hair Satin Scrunchies for Girls Holiday Gift Silk Hair Tie No Damage Cute Satin Hair Scrunchie for Styling,15.99,1764.0,31400.0,21900.0,365500.0,10.0,,UA HAIR,头绳,,,-32.9,products_sales_us.csv
382,"Hair Clips 2 Pack – Professional Alligator Clips For Hair, Hair Clips For Styling, Hair Styling Clips, Aligator Clips, Salon Hair Clips, Plastic Hair Clips",15.99,1764.0,31100.0,21900.0,365900.0,10.0,,UA HAIR,发夹发簪,,,-32.85,products_sales_us.csv
383,"3 pieces No Bend Hair Clips, No Crease Hair Clips, Pin Curl Hair Clips for Makeup Hair Styling",15.99,1764.0,31300.0,21900.0,367600.0,10.0,,UA HAIR,发夹发簪,,,-32.85,products_sales_us.csv
384,"Women's Cute Car Bow Decor - Girly Car Accessories, Waterproof Vehicle Decoration, Exterior Accessories for SUV, Sedan & Motorcycle, Daily Driving & Photo Styling Ornament, Car Accessories Cute Car Decals Car Sticker Decal",9.99,1761.0,18600.0,2795.0,29500.0,14.0,,Embercraft,服饰配件套装,,,256.48,products_sales_us.csv
385,YADOCA Hypoallergenic Stud Earrings for Women Men Silver Earrings for Sensitive Ears - 6/8/10mm Cubic Zirconia Earrings Studs-Gold Plated Simulated Diamond CZ Halo Earrings 2/4Pairs Flat Pierced Jewelry accessories,,1756.0,26300.0,7678.0,109500.0,10.0,,YADOCA JEWELRY,耳环,,,1210.45,products_sales_us.csv
386,"Full Shine Butterfly Weft Hair Extensions Real Human Hair Hole Weft Invisible Genius Weft #TikTokShopDealsforYouDays #SummerWins #SummerVibes,summerwins, Human Hair Bundles, Extensions Hair",28.7,1741.0,57300.0,6973.0,264500.0,11.0,,FullShineHair Store,真人发接发&发片,,,28.01,products_sales_us.csv
387,[Blend Natural]UNice Upgrade V Part Glueless Kinky Straight Human Hair Wig with Drawstring No Leave Out Beginner Friendly Easy to Install Summer Wig SummerArrvials #SoHoChic #TikTokShopBackToSchool,,1741.0,135300.0,11300.0,751700.0,3.0,,UNICE,真人发全机制头套,,,200.17,products_sales_us.csv
388,"Women's S925 Real Silver Needle Pearl Ear Studs - Elegant, Modern Female Women's Fashion Jewelry, Niche, Simple, Versatile Accessory for Any Occasion",4.1,1734.0,11900.0,18400.0,129600.0,17.5,,ExaltedShose,耳环,,,156.89,products_sales_us.csv
389,"ViewSelect Blue Light Blocking Progressive Reading Glasses with Spring Hinge - HD Anti-Fatigue Computer Readers for Men & Women (Black, Orange, Clear)",10.0,1733.0,22800.0,3484.0,41800.0,10.0,,Blink n Bling,镜框与镜片,,,35.07,products_sales_us.csv
390,"Unisex Modern Leather Eyeglasses Case - Lightweight Soft Zippered Pouch with Belt Loop Clip, Portable Sunglasses Organizer for Adults, Men's Accessories, Youth, Teenager, Travel, Camping",,1730.0,14800.0,1731.0,14800.0,10.0,,Xuudoo,眼镜盒与配件,,,,products_sales_us.csv
391,TEWIKY (J) Necklace 14K Gold Plated Jewelry Auction Exclusive J,17.99,1730.0,31000.0,2505.0,44900.0,,,Tewiky,项链,,,,products_sales_us.csv
392,Kitsch Extra Wide Spa Headband - Soft and Comfortable Design for a Relaxing Spa Experience,7.4,1729.0,21300.0,17000.0,178000.0,17.0,,Kitsch,发带发箍,,,10.76,products_sales_us.csv
393,"8 Pairs Multicolor PC Frame Sunglasses Set, Fashion Accessories, Chic Sunglasses, Colorblock Lenses, Ideal for Commuting, Street Photography, Gift Option",5.1,1726.0,12200.0,2762.0,20900.0,8.0,,SHUULI,太阳镜,,,94.81,products_sales_us.csv
394,"KissYan Gold Ankle Bracelets for Women, 9"" or 11"" 14K Gold-Plated Anklets Chunky Cuban Link Chain Summer Beach Foot Jewelry Gifts & Jewelry for Christmas Gifts 9"" or 11"" Adjustable Extension Chain Mothers Day Gift Ideas TikTokShopBackToSchool",14.4,1721.0,29200.0,25800.0,429700.0,10.0,,KissYanOfficial,脚链,,,6.04,products_sales_us.csv
395,"Titanium 20G/18G Horseshoe Nose Ring(Free Ball Holder) Internally Threaded Gems,Earring Daith Cartilage Helix,Piercing Jewelry",,1717.0,18900.0,35900.0,521100.0,8.0,,Kutlan Body Jewelry,身体饰品,,,13.41,products_sales_us.csv
396,[Special Deal] Frodio Veralux™ Blend Human Hair Shaggy Waves 3-in-1 Half Wig #summervibes,,1716.0,85600.0,8838.0,485100.0,5.0,,FRODIO,真人发前蕾丝头套,,,55.86,products_sales_us.csv
397,Cycling Mask Filter Sheet Dustproof And Warm Face Mask Protective Lens Detachable,12.99,1711.0,23100.0,2598.0,34900.0,8.0,,OLLAS,口罩与配件,,,93.55,products_sales_us.csv
398,ShowReal 036 Pixie Short Pixie Cut Wigs Short Straight Brazilian Human Hair Wigs With Bangs Ready To Go Natural Black Color Full Machine Made Wig 4 Inch Size,,1709.0,57600.0,9031.0,273300.0,5.0,,ShowReal Hair Store,真人发全机制头套,,,-26.15,products_sales_us.csv
399,"Non-Piercing Fake Eyebrow & Lip Labret Studs Set, Silver Color, 3/4/5mm Sizes, 100pcs Adhesives Included, Spike Design, Body Piercing Jewelry, Labret Studs Replacement",1.94,1705.0,4007.51,6818.0,20600.0,8.0,,Diamday Jewelry,身体饰品,,,-6.37,products_sales_us.csv
400,[Lowest Price Ever] Deep Curly Pre-Separated Feather Crochet 100% Human Hair Extensions For Miracle Knots Boho Braids 4 to 5 Bundles Recommended #DealsForYouDays,,1702.0,74900.0,6518.0,292900.0,3.5,,Glulaze Hair,真人发接发&发片,,,17.38,products_sales_us.csv
401,"Elegant Leopard Print Shawl Set With Scarf, Casual Loose-Fit Scarf for Women, Sun Protection Beach Accessory, All-Season Fashion, Fashion Shawl Wrap",,1701.0,23700.0,16700.0,245900.0,8.0,,IROJEFF,围巾&围脖,,,180.69,products_sales_us.csv
402,"CATERSIDE Men's Classic Square Sunglasses, Vintage Punk Style with Tinted Lenses, UV400 Sun Protective Fashion Accessories, Classic Sunglasses, Sun Protective Sunglasses",,1692.0,38100.0,3398.0,75100.0,8.0,,CATERSIDE VISION Store,太阳镜,,,118.32,products_sales_us.csv
403,"Mini Makeup Bag with Partitions & Zipper, Portable Cosmetic Organizer for Lipstick & Essentials, Ideal for Airplane Travel & Daily Use, Fashion Accessory for Adults, Women's Gifts, Gifts for Women, Womens Gifts",9.0,1684.0,23400.0,2556.0,34300.0,13.0,,Embercraft,服饰配件套装,,,1094.33,products_sales_us.csv
404,"Don't Let The Hard Days Win Inspire Bracelet - Stainless Steel & 18k Gold Plated Braided Design with Engraved Message - Adjustable Up to 10""",7.75,1683.0,16300.0,66200.0,606400.0,8.0,,Love U Gift,手环与手链,,,101.08,products_sales_us.csv
405,"Women's Hairbands Set, Non Slip Headbands, Plastic Headband, Anti-Slip Wave Design, Retro Style Headband for Makeup & Skincare, Chic Headbands, Fashionable Hair Accessories",,1680.0,2807.42,7505.0,15000.0,8.0,,Shenzhen Songlin,发带发箍,,,-17.85,products_sales_us.csv
406,"Cross Necklace for Men, Layered Mens Cross Necklaces Stainless Steel Cross Pendant Cuban Link Rope Chain",,1680.0,29600.0,9556.0,158200.0,12.5,,Bijou B1iss,首饰套装,,,79.3,products_sales_us.csv
407,"Middle Finger FAFO Keychain Aluminum Alloy - Compact, Stylish, 3D Double-Sided Mirror Design, UV Protective Coating, Practical Fashion Accessory for Shopping Use",10.99,1679.0,19900.0,1786.0,21200.0,10.0,,Meme-Azon,钥匙扣,,,1469.16,products_sales_us.csv
408,"ZHESHY Dainty Flower Necklace 14K Gold Plated Flower Collarbone Chain Women's Cute Simulated Diamond Necklace Personalized Fashion Gold Jewelry Gifts for Teen Girls, Mothers and Girlfriends",,1678.0,19100.0,4125.0,45000.0,15.0,,ZHESHY,项链,,,44.78,products_sales_us.csv
409,[Lowest Price Ever] New In P4/27 Highlight Burmese Curly Feather Crochet Human Hair for Miracle Knots/Boho Braids Pre-Separated 50g/Pack Time-Saving Wear #SummerWins #DealsForYouDays,,1672.0,82300.0,2280.0,110100.0,3.5,,Glulaze Hair,真人发接发&发片,,,636.56,products_sales_us.csv
410,"Men's Luminous Simple Quartz Business Watch - Stainless Steel Band, Gold Accents, Blue Dial with Date & Day Indicator, Men's Accessories, Thoughtful Birthday Gift for Boyfriend, Gifts For Boyfriend, Birthday Gifts For Bf",17.0,1667.0,31200.0,3883.0,68500.0,8.0,,Horizon Chrono,男表,,,18.56,products_sales_us.csv
412,Decorative Iris Keychain Charm (#C09) Stylish Keychain By Iris & Rainbow,5.0,1660.0,12100.0,48300.0,247000.0,16.0,,IRIS & RAINBOW,钥匙扣,,,7.37,products_sales_us.csv
413,"Vintage Literary Personalized Flat Lens Glasses, Trendy Large Frame Unisex Blue Light Blocking Eyewear, All Season Casual Style, Fashion Accessory Eyewear, Square Frames, Protective Glasses, Fashion Glasses",2.49,1659.0,3729.81,7118.0,27900.0,8.0,,Zanobia,镜框与镜片,,,31.35,products_sales_us.csv
414,[3 In 1 Half Wig] Kinky Curly Half Wig Human Hair Beginners Friendly 180% Density Machine Made Burmese Curly Half Wig and V Part Wigs For Women Natural Color,,1655.0,98400.0,7513.0,372100.0,1.0,,BABOSHOW,真人发全机制头套,,,59.59,products_sales_us.csv
415,Full Shine Seamless Clip In Human Hair Extension Straight Hair 120g 8 Pcs Easy to Apply Natural Straight Remy glueless Hairpiece #sohochic #TikTokShopBackToSchool,,1654.0,78000.0,20400.0,1446400.0,11.0,,FullShineHair,真人发接发&发片,,,52.3,products_sales_us.csv
416,Rainbow-Daily New Arrivals |Acrylic Bead Mix for DIY Craft Beadable Pen Bracelets Phone Charms Necklaces Versatile Use,,1653.0,45700.0,1993.0,56200.0,15.5,,RainbowDIYbead,手环与手链,,,386.18,products_sales_us.csv
417,"Tewiky Easter Gifts Upgraded Crown Cross Necklace for Women, Crown Cross Pendant Necklace, Non-Tarnish Faith Jewelry for Women, Christian Religious Gifts for Her",,1651.0,18900.0,149600.0,1956900.0,12.0,,Tewiky,项链,,,-7.25,products_sales_us.csv
418,"3-in-1 Multifunctional Retractable Pull Reel Carabiner Keychain with Strong Steel Wire Rope Buckle, Outdoor Sport Tool for Men's Accessories, Tools and Gadgets, Mens Gifts",9.5,1650.0,19700.0,10800.0,107600.0,14.0,,KIS77,钥匙扣,,,-26.47,products_sales_us.csv
419,Women And men Fake Piercing Nose Ring Gold Stainless Steel D-Type Simple American Style Personalized Letters Hip-Hop Street Style Non Perforated Accessories Body Jewelry Fake Nose Studs Faux Nose Ring Fake Nose Piercings Body Jewellery,,1647.0,2508.39,11700.0,22200.0,8.0,,Modern Adornments.global,身体饰品,,,-8.09,products_sales_us.csv
420,"Tewiky 14K Gold Bracelet Waterproof, Stackable Jewelry Set Non-Fading, Stylish and Delicate Bracelet Stackable Fashion Accessory, Gift for Women",15.99,1644.0,26200.0,2559.0,40900.0,,,Tewiky official,首饰套装,,,,products_sales_us.csv
421,"Unisex Square Frame Blue Light Filter Glasses - Black & White Colorblock Lightweight Durable Plastic Fashion Frames Accessories, Anti-Eye Strain Gift for Women, Lightweight Durable Glasses, Bluelight Blocking,summer outifit,travel essentials",,1637.0,28100.0,22500.0,405100.0,8.0,,Cozennn,镜框与镜片,,,17.35,products_sales_us.csv
422,"Unisex Vintage Sunglasses Brow Bar Frame, Casual Trendy Half Rim Glasses, Metal Plastic Frame, All Seasons Wear, Decorative Lenses, Fashion Eyeglasses",5.82,1634.0,24200.0,110600.0,757700.0,8.0,,HyJex EYEWEAR,镜框与镜片,,,15.4,products_sales_us.csv
423,GOOGOO Hair Extensions Seamless Clip in Human Hair Extensions Natural Straight Hair summer hairstyles #tiktokshopbacktoschool #sohochic,,1633.0,57100.0,35600.0,2354600.0,5.0,,GOO GOO,真人发接发&发片,,,6.59,products_sales_us.csv
424,OQ HAIR Highlight 4/27 Burmese Curly Crochet Human Hair With Miracle Knots Boho Braids Time-Saving Wear #SohoChic #TikTokShopBackToSchool,,1632.0,111000.0,3979.0,282000.0,3.0,,OQ HAIR SHOP,真人发全机制头套,,,95.68,products_sales_us.csv
425,[Cheapest] Mamushow Feather Crochet Human Hair Bundles for Miracle Knots Human Hair Burmese Curly Pre-Separated 50g/Pack Reusable Invisible 100% Virgin Human Hair Crochet Extensions Natural Black #TikTokShopBackToSchool#SohoChic,48.0,1628.0,86200.0,16700.0,1529500.0,1.0,,Mamushow Hair Fashion,真人发接发&发片,,,8.39,products_sales_us.csv
426,Stretchy Scrunchie Lanyard for ID Badges – Cute Neck Lanyard for Keys | Retractable Keychain Holder for Women,4.0,1628.0,7937.36,7457.0,34800.0,10.0,,OBOEY Deals,钥匙扣,,,3030.77,products_sales_us.csv
427,JASGOOD Women Leather Belt for Jeans Pants Fashion Ladies Skinny Faux Leather Belt with Gold Buckle,,1626.0,27400.0,13700.0,262600.0,10.0,,JASGOOD,皮带,,,31.66,products_sales_us.csv
428,"Hip Hop Twist Chain Necklace & Rhinestone Cross Pendant Necklace for Daily Decoration, Stainless Steel Jewelry for Men & Women, Classic Jewelry for Gift",,1623.0,6140.31,92600.0,490100.0,8.0,,ZIDOM Hiphop Store,项链,,,29.01,products_sales_us.csv
429,"Women's Reversible Sleep Hat, Double Layer Bonnet for Sleeping & Makeup, Pink Color Reversible Extended Length Sleep Bonnet, Sleeping Cap, Hair Cap for Sleep",,1617.0,2906.31,30400.0,78400.0,8.0,,DeeJey Hair Accessories,帽子,,,233.4,products_sales_us.csv
430,"Unisex New Summer Sunglasses, Trendy Street Style UV Protection Shades, Fashionable Retro Sunglasses for Men & Women",4.24,1614.0,12000.0,4399.0,26700.0,8.0,,YI SHENG SUNGLASSES,太阳镜,,,-1.1,products_sales_us.csv
431,LIVE REVEAL EARRING- Comment to Claim Each Earring,22.9,1614.0,39900.0,16500.0,384800.0,18.5,,Blue Bay Clay,耳环,,,34.84,products_sales_us.csv
432,"Women's Layered Design Cubic Zirconia Hand Chain & Bracelet Set, Perfect for Parties & Festivals, Sparkling Jewelry Accessories, Fashionable Jewelry Set, Costume Jewelry Sets, Trendy Jewelry Set",1.5,1608.0,3700.82,2301.0,4888.98,8.0,,XUYU Jewelry,手环与手链,,,212.23,products_sales_us.csv
433,"2 Pairs 14K Gold Plated Twisted Round Hoop Earrings, Minimalist Lightweight Copper Jewelry for Women & Men, Trendy Comfortable Hoops for Daily Wear, Wedding Party Summer Occasions and Birthday Gift",8.7,1606.0,16800.0,4131.0,44300.0,14.0,,DDBD shop,首饰套装,,,2717.54,products_sales_us.csv
434,"Classic Gold-Tone Promise Ring for Women, Princess Cut Matching 2 Piece Sets, Stacking Band Jewelry for Womens Gifts, Gold Jewelry, Rings For Women, Gold Rings, Matching Promise Rings",9.49,1600.0,15400.0,4786.0,40800.0,10.02,,xb Jewelry,戒指,,,-28.98,products_sales_us.csv
435,"【Mother's Day Gift】Mother Daughter Keychain for 3,Mother Big Sister Little Sister Keychain for 3, Sweet Meaningful Gift for Mom for Mother's Day, Birthday, Christmas or Just Because",9.99,1597.0,17400.0,2279.0,24000.0,8.0,,Love U Gift,钥匙扣,,,1177.6,products_sales_us.csv
436,TEWIKY Gold Virgin Mary Necklace with Cross Dainty Y Chain Faith Jewelry Gift For Women Elegant Design Long Versatile Use For Easter,12.6,1595.0,21700.0,8371.0,110800.0,12.0,,Tewiky,项链,,,114.96,products_sales_us.csv
437,"Leopard Print Cherry Charm Bracelet, Star Girl Cross Bracelet, Lucky Number 777 Bracelet, Cherry Tooth Bracelet, Pool Ball 7 Bracelet, Fashion Bracelet",,1595.0,13300.0,3365.0,26000.0,8.0,,pandacharms,手环与手链,,,36.68,products_sales_us.csv
438,"Novelty Multifunction Hair Hoop, Fashionable Hair Accessories for Women, Minimalist Headwear for Daily Use, Headbands Women, Plastic Headbands",2.7,1594.0,4272.55,27400.0,74000.0,8.0,,Myb-jewelry,发带发箍,,,88.19,products_sales_us.csv
439,[Iridescent] Clip in Hair Extensions 24/20 Inch 4 PCS Synthetic Natural & Soft Hair & Blends Well Hair Extensions Long Wavy Hairpieces,,1590.0,35600.0,15500.0,324400.0,10.0,,Iridescent,化纤接发&发片,,,-11.62,products_sales_us.csv
440,"Natural Messy Bun Hair for Women, Synthetic Loose Wave Bun Hair is Hair Extensions Ponytail with Elastic Drawstring, Gorgeous Bun Perfect for Beginners Daily Wear &Party Use. (8 Inch)",7.99,1589.0,13200.0,2696.0,21200.0,8.0,,GKtineke Hair,化纤接发&发片,,,79.55,products_sales_us.csv
441,CORIIANA Curly Short Bob Glueless Wigs Human Hair Ready To Wear Deep Wave Human Hair Wig Wet An Wavy 6x4 HD Lace Closure Wigs For Black Women Pre Plucked Beginner Friendly 180%,,1580.0,97500.0,24100.0,1416100.0,5.0,,CORIIANA BEAUTY,真人发发块头套,,,-20.44,products_sales_us.csv
442,Karlami Hair Burmese Curly Bundles with Spriral End 3c4a Quick Weave Pixie Curly Bundles Human Hair 14-30inch Loose Deep Wave 100% Virgin Body Wave Bundles Sew in Extension Straight Bundles with 5x5 Closure Human Hair Bundles for Women Natural Black,37.0,1579.0,73200.0,12500.0,545000.0,1.0,,Karlami Hair Vendor,真人发接发&发片,,,10.5,products_sales_us.csv
443,"2026 Women's Vintage Square Oversized Sunglasses - Retro Framework, PC-Plastic Large Statement Frames, Full Protection, Vintage Charm for Travel, Beach Wear, Statement Frame Glasses, Enhanced Coverage, One Size, Full-Frame",10.29,1577.0,18200.0,8565.0,98700.0,12.0,,VGO SHOP,太阳镜,,,-68.5,products_sales_us.csv
444,"Simple Minimalist Square Frame Eyeglasses Plastic Eyewear for Women & Men, Square Frames Eyeglasses, Summer Outfits 2024 Eyeglasses for Work, Daily Clothing Decor, Student Daily Use",2.97,1573.0,9941.72,90700.0,218200.0,8.0,,SOLOSE,镜框与镜片,,,4.45,products_sales_us.csv
445,"14K Laminated Heart Necklace for Women, 2mm Gold Chain, Elegant Heart Pendant, Gift for Mom & Her",,1562.0,24000.0,3126.0,46700.0,16.5,,BRILLO ETERNO,项链,,,532.39,products_sales_us.csv
446,Men's Wallet RFID Slim Smart Wallet Card Holder with AirTag Holder Leather Carbon Fiber Minimalist Pop Up Wallet 9-14 Card Capacity ID Window Cash Slot for Everyday Carry Front Pocket Travel Gift for Men,12.5,1561.0,23500.0,11600.0,183600.0,6.0,,Chic Odyssey,首饰套装,,,550.42,products_sales_us.csv
447,"2025 Trendy Self-Adhesive Stud Stickers – Faux Piercing for Ears, Nose, Lips & Brows!",,1560.0,13900.0,9245.0,72800.0,12.0,,xoriginal,身体饰品,,,71.05,products_sales_us.csv
448,"Yaki Curly V Part Wig 26 Inch, Synthetic Half Wig Glueless U Part, Flip Curls, Natural, for Women, Daily Party Use, Natural Looking Wig, Glueless Wavy Wig",24.0,1559.0,29300.0,2523.0,44800.0,8.0,,LADY MIRANDA,化纤全机制头套,,,149.84,products_sales_us.csv
449,"Frameless Glasses with Blue Light Blocking - HD Clear Lenses & Sparkling Diamond-Cut Edges, Fashion Metal Temples for Women Men, Computer Gaming Readers, Daily Street Style Eyewear",,1558.0,20300.0,9790.0,128600.0,15.0,,StarH,镜框与镜片,,,-31.4,products_sales_us.csv
450,"Unisex Vintage Square Frame Sunglasses, Trendy Casual Sunglasses for Travel Use, Fashion Accessories for Outdoor Activities, Trendy Streetwear Sunglasses, Stylish Sunglasses, Square Framed Sunglasses, Fashionable Sunglasses, Trendy Styling Sunglasses",1.48,1553.0,2443.59,24500.0,77900.0,8.0,,Shining Land,太阳镜,,,-10.64,products_sales_us.csv
451,"New 2026 Ramiss Body Wave Crochet Human Hair Pre-Separated 50g/Pack Time-Saving, 40 Strands/Pack Mircale Knots Hot braids,4-5 Packs for Full Head Protective Styles Light Weight No Tension Reusable Feather Crochet Extension",,1550.0,63300.0,3433.0,138100.0,6.0,,Ramiss Hair,真人发接发&发片,,,95.46,products_sales_us.csv
452,Karlami Burmese Curly Human Hair Bundles with Twist Out Ends Unprocessed Brazilian Virgin Hair Spiral Curls Human Hair Quick Weave Extensions Natural Black,,1549.0,41800.0,11700.0,328100.0,1.0,,Karlami Hair Vendor,真人发接发&发片,,,-72.12,products_sales_us.csv
453,"KROAFA Money Bracelet featuring green Dongling jade stone, green quartz, and tiger’s eye—a lucky bracelet symbolizing wealth, locking in good fortune, prosperity, and growth. Blue beaded friendship jewelry protective bracelet, an encouragement gift.",,1548.0,14800.0,9025.0,77400.0,10.0,,KROAFA,手环与手链,,,347.4,products_sales_us.csv
454,"Holylegend 14K Real Gold-Plated Milano Rope Chain Necklace for Men, Affordable Trendy Gold Plated Necklace with Multi-Angle Reflective Shine, Gift for Fashion Lovers,Father's Day Gift",,1546.0,42200.0,7505.0,196400.0,12.0,,Holylegend Jewelry USA,项链,,,20.59,products_sales_us.csv
455,"Unisex Oval Flat-Top Non-Prescription Eyeglasses, Lightweight PC Frame, AC Lens, Fashion Accessory,summer outifit,travel essentials",10.65,1545.0,18500.0,21900.0,245400.0,15.0,,A.June's Shop,镜框与镜片,,,38.94,products_sales_us.csv
456,"925 Sterling Silver Rose Gold Plated Celtic Knot Ring Anillo Nudo de Bruja Plata Original Witch Knot Jewelry, Cubic Zirconia Decorated S925 Witches Knot Ring, Witchtok Witch Jewerly Pagan Jewelry for Devotion for Protection Gift for Her,Mother's day Gift",18.98,1542.0,32800.0,19800.0,444200.0,10.0,,Vinci Jewelry,戒指,,,231.61,products_sales_us.csv
457,EVRY JEWELS Gold or Silver Plated Stainless Steel Women's Hypoallergenic Cross Necklaces,8.99,1540.0,14900.0,32000.0,258400.0,15.0,,EvryJewels,项链,,,658.62,products_sales_us.csv
458,"Stainless Steel 18k Plated Y-Shape Necklace, Heart Pendant Pearl Chain, Fashion Elegant Versatile Jewelry for Daily Wear, Heart Shaped Pendant, Pendant Necklaces",1.1,1538.0,2680.76,10100.0,28100.0,8.0,,Gem Tech,项链,,,355.03,products_sales_us.csv
459,Dearmay 5 Pairs Hoop Earring Sets for Women 14K Gold Plated Earring Stacks Small Earrings Hypoallergenic Waterproof Multiple Cartilage Earring Jewelry Gifts for Girls,,1535.0,22100.0,17100.0,237500.0,12.0,,Dearmay,耳环,,,43.86,products_sales_us.csv
460,"SUPKLEY Unisex Large Frame Sports Outdoor Sunglasses, Sporty Sunglasses, Sports Eyewear, Summer Sports Glasses, with TAC One-Piece Anti-Glare Lens, Multi-Colored Frames, Perfect for Street Photography & Outdoor Sports, Fashion Accessory, Gift Choice",12.39,1526.0,25500.0,3667.0,50600.0,8.0,,SUPKLEY PRO,太阳镜,,,435.44,products_sales_us.csv
461,"Men's 2-Piece Buckleless Elastic Waist Belt, Casual Hook-and-Loop Closure Belts for Adjustable Fit, Men's Accessories Elastic Waist Band, Accessories Adults, Guys Gifts, Gifts For Him, Mens Gifts",9.9,1524.0,17100.0,6660.0,98900.0,14.0,,LDK Tool,皮带,,,-29.48,products_sales_us.csv
462,Lyrasses Black Photochromic Square Glasses Anti-Blue Light & Photochromic Unisex Fashion Frames Big Head Friendly Perfect for Beach Business Party Trendy Daily Accessory Ideal Gift Idea No-Makeup Essential Anti Eyestrain Eyewear,,1520.0,14300.0,12400.0,116600.0,7.0,,Lyrasses,镜框与镜片,,,33.8,products_sales_us.csv
463,"VORTENEA Satin-Lined Skull Cap with Embroidered Cross - Machine Washable, Prevents Frizz, Retains Moisture, Comfortable Fit",,1520.0,41300.0,7574.0,196500.0,12.5,,Vortenea,帽子,,,286.77,products_sales_us.csv
464,"18G Stainless Steel Nose Ring, 8mm Horseshoe Hoop with 3mm Cubic Zirconia, Threaded Nose Piercing for Women, Ball Holder Included - Casual Everyday Wear, Womens Gifts, Threaded Fit, Female, Ball Holder Accessory, Free Auxiliary Tool Ball Holder",,1517.0,15100.0,8753.0,84700.0,12.0,,MULKUL Fashion,身体饰品,,,147.07,products_sales_us.csv
465,"【Men Gifts】Cross Necklace for Men, Silver Tone/Gold Plated Mens Cross Necklaces with 3.5mm Cuban Chain 16-26 Inch",,1515.0,11500.0,21000.0,209800.0,10.0,,Bijou B1iss,项链,,,84.31,products_sales_us.csv
466,DIFF Cameron Oversized Polarized Navigator Sunglasses for Men and Women,,1515.0,114200.0,6116.0,459700.0,10.0,,DIFF EYEWEAR,太阳镜,,,-29.34,products_sales_us.csv
467,Bling Hair Human Hair Body Wave Crochet Braids Extensions Knotless Pre-Separated Miracle Knots Crochet Hair Lightweight Soft Natural Look Protective Style Boho Braids Vacation Hair Summer Hair 50g/Pack#SummerWins #DealsForYouDays,,1510.0,33500.0,4222.0,94000.0,5.0,,Bling Hair VIP Store,发带发箍,,,-31.49,products_sales_us.csv
468,"EC 50g Fluffy Hair Topper for Women with Thinning Hair | 14in Free Parting Straight Natural-Looking Hairpiece with 3 Anti-Slip Clips | Hand-Knotted Breathable Lace Base | Full Crown Coverage, Gray Root Coverage & Instant Volume",,1510.0,47100.0,1590.0,50100.0,15.0,,EC Wigs Shop,化纤接发&发片,,,11515.38,products_sales_us.csv
469,"The MULA S925 silver-plated firefly ring, with its elegant and luxurious fluorescent design, is the perfect gift for girls, ladies, and nature lovers. (Zircon-set nature-inspired ring)",11.95,1506.0,18500.0,10800.0,115900.0,10.0,,MULA Fashion Jewerly,戒指,,,185.23,products_sales_us.csv
470,"Lace Wig Grip Cap for Women,Glueless Wig 4x5 Lace Reusable Wig Cap for Lace Front Wigs to Keep Wigs in Place,Adjustable Wig Cap with Grip Band Non Slip Cap#tiktokshopbacktoschoo#SummerWinsl",,1505.0,16700.0,13700.0,131000.0,20.0,,SZ General merchandise Co Ltd,接发与假发配件,,,136.26,products_sales_us.csv
471,"Obsidian & Black Tourmaline Bracelet - Manifestation & Protection Prosperity Crystal Beads Jewelry for Men & Women, Christmas Gift, Gifts for Mother's Day, Valentine's, Birthday, Anniversary, Black Grounding Stone Beaded Bracelet backtoschool",,1504.0,11200.0,12100.0,76700.0,1.0,,Charmed Matrix,手环与手链,,,42.56,products_sales_us.csv
472,"Women's Glitter Decor Scarf, Elegant Scarf for Daily Wear, Casual Trendy Scarf for Women, Trendy All-match & Exquisite Scarf for Birthday Gift, Scarf for Hair",,1503.0,7537.05,25300.0,174200.0,8.0,,LMLAVEN Apparel Accessories,围巾&围脖,,,17.15,products_sales_us.csv
473,NOT FOR SALE - STERLY Wig Cap (Random Color),49.9,1500.0,82900.0,5297.0,226400.0,1.0,,Sterly Hair Shop,发带发箍,,,164.55,products_sales_us.csv
474,"【summerwins】Women's Luxury Gold Tone Analog Watch - Modern Fashionable Wristwatch with Simple Scale Square Dial, Gold Plated, Self-Size Adjuster, Gift Box, High Quality Watch for Mom, High Quality Watches",,1499.0,25600.0,11400.0,190000.0,10.0,,New Pioneers Shop,女表,,,23.48,products_sales_us.csv
475,"Women's Floral Print Long Robe Dress & Scarf Set, Boho Casual Shawl Dress & Scarf Set for Beach Vacation Holiday, Ladies Clothes for All Seasons",10.87,1496.0,20200.0,61100.0,754200.0,8.0,,IROJEFF,围巾&围脖,,,81.33,products_sales_us.csv
476,"ShineThru Men's 6-Pair Metal Rimless Sleek Rectangular Trendy Sunglasses - PC Gradient Lenses, UV-Protection Lens, Stylish Glasses, Unisex Men's Accessories for Daily Commuting, Outdoor Activities",16.3,1493.0,27900.0,15900.0,279300.0,13.0,,ShineThru,太阳镜,,,-8.07,products_sales_us.csv
477,"Holylegend 14K Real Gold-Plated Royal Monaco Cuban Necklace,Hypoallergenic Gold Plated Cuban Link Chain, Italian Jewelry for Men & Women, Gift for Fashion Lovers,Father's Day Gift",,1493.0,47300.0,7221.0,244000.0,12.0,,Holylegend Jewelry USA,项链,,,275.13,products_sales_us.csv
478,"Vintage Silver-Tone Witchy Symbolic Bracelet - Pagan-Inspired Lightweight Costume Jewelry with Moon, Sun, Tree of Life, Owl, Pentagram, Feather Charms - Celestial Gothic Boho Halloween Gift for Alternative Style, Adjustable, Daily Wear",9.69,1491.0,16600.0,1510.0,16800.0,15.5,,Jadeglow Lane,手环与手链,,,,products_sales_us.csv
479,"Men's Watch Set, Creative Snake Head Blue Light Glass, Rotary Steel Band Watch + Pixiu Bead Bracelet, 2pcs/set, All Seasons",,1488.0,14300.0,5534.0,53800.0,8.0,,Jusmi Watch,男表,,,500.0,products_sales_us.csv
480,"Magnetic Ear Clips for Unpierced Ears, Non Pierced Earrings, Zirconium Stone Jewelry, Punk Style, All-Seasons Accessory, Comfortable Material, Unisex Design",1.33,1487.0,2498.4,1540.0,2586.1,8.0,,SHU trend Jewelry,耳环,,,2815.69,products_sales_us.csv
481,"Classic Style Reading Glasses for Men and Women, Lightweight Metal Frame, Ideal for Reading and Craft Work",12.89,1486.0,15200.0,1488.0,15200.0,1.0,,hat house shop,镜框与镜片,,,74200.0,products_sales_us.csv
482,"9pcs Nose Ring Jewelry Shape Nose Ring Copper Non Piercing Nose Rings, U Shape Star Love Crown Nose Clip with Zirconia shape nose nose ring nose ring Punk Rhinestone Clip-On Gold gold nose protection bracelet cross septum Stainless Steel Charm summerwi",8.9,1484.0,14700.0,21900.0,216400.0,15.0,,Arpurraina,身体饰品,,,17.78,products_sales_us.csv
483,Scrunchies Fluffy Bobbles Hair Elastic Ponytail Holder Soft for Women Girls 10 Random Colors Free Gift,29.99,1480.0,49100.0,9578.0,319900.0,3.0,,QinMei Hair Fashion,头绳,,,40.82,products_sales_us.csv
484,"2-Piece Leopard Print Shawl Set, Elegant Fitted Cape and Headscarf, Sun Protection Scarf for Beach, Swim Cover Up, All-Season Fashion Accessory",10.69,1478.0,19100.0,1750.0,21900.0,8.0,,IROJEFF,围巾&围脖,,,3337.21,products_sales_us.csv
485,"Boys&Hood 8A High Quality Honeycomb Diamond Grillz, Hiphop Streetwear Teeth-Dental Accessory, Men's Funky Unique Costume Body Jewelry Set, Teeth Accessory, Funky Unique Accessories",19.99,1474.0,32200.0,4191.0,90300.0,12.0,,Boys Hood,身体饰品,,,269.42,products_sales_us.csv
486,Cephemer Wispy Bangs Clip in Hair Extensions Lightweight Air Bangs Synthetic Fiber Hairpieces for Women Easy to Wear All Day Comfort for Daily Party,,1468.0,16900.0,9453.0,102800.0,10.0,,Cephermer,化纤接发&发片,,,406.21,products_sales_us.csv
487,CASSIECA 11pairs Flat Back Earrings Stack for Women Cartilage Earrings Stacks-20G Surgical Stainless Steel Flatback Hypoallergenic Stud Hoop Earring Set Daith Conch Tragus Helix Piercing Jewelry Summervibes,15.0,1466.0,25400.0,4453.0,75400.0,10.0,,CASSIECA,耳环,,,388.67,products_sales_us.csv
488,"18k Gold Constellation Necklace & Pendant - Gold Necklace for Women & Men, Tarnish & Water Resistant, Birthday Gifts for Women & Menwelry",,1464.0,8349.93,2049.0,12700.0,10.0,,VOLDNE,项链,,,5756.0,products_sales_us.csv
489,"Moomoo Women's 2 Piece Sets, Bohemian Peacock & Plants Satin Cape Robe with Scarf, Plus Size Friendly Maxi Cover Up for Resort, Hand Wash, Bathing Suit, Beach Wear, Bathing Suit Cover, Silky, Bikini Coverup, Moo Moo For Women, Stylish Women's Wear",,1461.0,15700.0,3879.0,43700.0,10.0,,Laruda-oula,围巾&围脖,,,8016.67,products_sales_us.csv
490,"3CT Square Halo Ring, 5A CZ Wedding Band for Women, Engagement Ring Jewelry Promise Ring Gift for Her Bridal Rings Statement Ring",23.27,1460.0,36200.0,2640.0,66300.0,15.0,,JJ Chic,戒指,,,734.29,products_sales_us.csv
491,YoungSee Micro Loop Hair Extensions Human Hair micro ring pre bonded Soft and Silky Hair Extensions for Women Micro Ring Extension Human Hair 100% Real Human Hair Summer braids half wig summer hair style glueless wig#summerwins #DealsForYouDays,,1459.0,29500.0,12800.0,294000.0,9.0,,YoungSee Hair,真人发接发&发片,,,-10.22,products_sales_us.csv
492,"Inspire Bracelet ""GOD IS IN CONTROL""/""DIOS TIENE EL CONTROL"" - Premium Artistic Engraving, Stainless Steel & 18k Gold Plated, Adjustable Up to 10in, Meaningful & Visually Appealing Jewelry, English and Spanish, Perfect Mother's Day Gift, SummerVibes",8.71,1459.0,14000.0,7948.0,76800.0,12.0,,SnugSpark Studio,手环与手链,,,2110.61,products_sales_us.csv
493,"4pcs Simple Style Copper Zircon Ear Cuffs, Magnetic Design Unisex Jewelry Gift, Casual All-Season Accessory for Daily Wear, All Weather Earrings, Cubic Zirconia Earrings, Cubic Zirconia Studs, Casual Earrings Set",,1458.0,3632.24,21100.0,62500.0,8.0,,Rakol,耳环,,,-24.65,products_sales_us.csv
494,Youngsee 16-28 inches butterfly weft hair extensions ovo weft genius pu weft hole butterfly hair extensions human hair XO weft human hair extensions straight hair real human glueless wig #summerwins #DealsForYouDays,,1457.0,49500.0,8981.0,351700.0,9.0,,YoungSee Hair,真人发接发&发片,,,6.2,products_sales_us.csv
495,WIGCHIC Raw Cambodian Hair Bundles Body Wave Extensions for Sew In Quick Weave Double Drawn Thick Ends Ultra-Flat Seamless Weft 1/3/4 Pcs,,1456.0,70000.0,2209.0,108900.0,5.0,,WIGCHIC Hair,真人发接发&发片,,,123.31,products_sales_us.csv
496,"3 Piece U-Shaped Non-Piercing Nose Ring Clips, Fake Piercing, Elegant Sparkling Daily Party Jewelry, Chic Body Jewelry, Comfortable Clip-On Nose Cuffs for Unpierced Nostrils",2.48,1455.0,3872.37,3787.0,10600.0,8.0,,Crazy body jewelry,身体饰品,,,12.97,products_sales_us.csv
497,Vintage Japanese Streetwear Snapback Cap | Retro Hip-Hop Duckbill Hat for Men | Breathable Quick-Dry Polyester | Lightweight Non-Stretch Baseball Cap | Urban Fashion Accessory,,1453.0,20300.0,9049.0,121000.0,10.0,,Yunxin store,帽子,,,-62.91,products_sales_us.csv
498,[Super Deal] Hot Star 40Inch 613 Blonde Body Wave 13x6 HD Transparent Lace Frontal Human Hair Wigs 180% Density Brazilian Hiar Straight 13x4 Lace Front Human Hair Wigs,,1451.0,111300.0,15300.0,975200.0,1.0,,Hot Star Hair,真人发前蕾丝头套,,,64.33,products_sales_us.csv
499,"3/5/7/9/11mm Stainless Steel Silver Color Cuban Curb Chain Necklace Choker 16-30"" for Men Women Daily Jewelry Christmas Gift",,1451.0,14200.0,42600.0,410100.0,20.0,,Hermah store,项链,,,-26.01,products_sales_us.csv
500,"Vinisay 15A Body Wave Raw Human Hair Bundles with 4x4 Closure, Blonde Brown Highlight #T1B/P4/27 Hair Extension, Unprocessed Virgin Weave for Women, Soft, Elastic, Breathable, Casual, All Weather, Elasticity, Breathability, Bundles Of Human Hair",,1449.0,37100.0,2654.0,72900.0,1.0,,Vinisay Hair Shop,真人发接发&发片,,,3713.16,products_sales_us.csv
