rank,name,price,sales7,gmv7,sales_total,gmv_total,commission,listed_days,shop,category,rating,reviews,source,price_score,growth_score,commission_score,competition_score,lifecycle_score,shop_score,market_heat,viability,potential,markers
69,Heather Gray Set & Flow Active Curling Headband – Kitsch Heatless Hair Curler for Soft Waves & Curls,20.6,4382.0,12.57,1.18,32.48,17.0,,Kitsch,卷发器,,,products_sales_us.csv,100.0,67.7,85.0,100.0,60.0,60.0,65.4,88.2,80.1,高潜力
21,"Magnetic Glasses Holder - Premium Strength Magnetic Hold - Fits All Frames - Lifetime Warranty - Made in USA - Secures and Protects Readers, Sunglasses, Blue Light Glasses, or Safety Glasses - Badge Holder Accessory",,7935.0,7.77,1.05,10.4,20.0,,Readerest,眼镜盒与配件,,,products_sales_us.csv,60.0,92.7,100.0,44.0,60.0,60.0,82.9,66.8,73.4,高佣爆款
130,"8 Sizes Invisible Ring Adjuster, Soft Silicone Ring Sizer for Loose Rings, Comfortable Ring Spacer Fits Most Women's & Men's Rings",8.7,3240.0,3.11,9.83,92.38,15.0,,Amberart US,珠宝调节保护工具,,,products_sales_us.csv,100.0,52.9,75.0,92.0,60.0,60.0,55.0,84.2,72.9,
11,"【FitOver Sunglasses】1/2Pcs Women's Fit Over Prescription Sunglasses - Oversized Square Full-Rim Plastic Frames Mirrored Polarized , UV400 Protection, Trendy Sunglasses, Unisex Fashion Accessory for Summer Wins, Accessories for Women The Choice of Gifts",9.2,8643.0,9.19,2.78,32.91,17.0,,Huixin Fashion,太阳镜,,,products_sales_us.csv,100.0,81.4,85.0,20.0,60.0,60.0,75.0,72.2,72.2,价格战红海;高佣爆款
188,"A special gift: a breathable ankle support strap, ankle brace, or sports ankle support strap, suitable for sports, fitness, running, rock climbing, cycling, tennis, healthcare, and other occasions. (SpringStatements)",10.48,2714.0,3.31,1.35,16.62,14.0,,DDBD shop,服饰配件套装,,,products_sales_us.csv,100.0,56.2,70.0,84.0,60.0,60.0,57.4,81.3,72.0,
19,"JBEXTENSION 1 Pieces Black Wig Cap, Wig Caps for Women Lace Front Wig Stocking Caps for Wigs Wig Cap Black Wig Cap 1 Pcs",6.99,8024.0,6.07,3.45,25.55,10.0,,Jbextension.usa,化纤前蕾丝头套,,,products_sales_us.csv,100.0,76.7,50.0,60.0,60.0,60.0,71.7,71.5,71.5,
377,"8 Pcs Pearl Brooch Pins,Safety Pins for Clothing Dress pants skirt Cardigan Collar，Faux Pearl Rhinestones Brooches for Women Girls Pants Extender Safety Pins",7.99,1773.0,8264.76,4706.0,2.11,14.0,,QuorraHub,领夹&胸针,,,products_sales_us.csv,100.0,46.5,70.0,100.0,60.0,60.0,50.5,84.5,71.4,
343,YLNWH Bracelet Helper Tool for Self-Wearing Fastening Assistant Easy to Use Versatile for Various Bracelets User-Friendly Design Ideal for Everyday Use,8.49,1876.0,1.71,6878.0,6.05,15.0,,Nuvilite,珠宝调节保护工具,,,products_sales_us.csv,100.0,46.9,75.0,92.0,60.0,60.0,50.8,84.2,71.1,
20,"JBextension 1 Pieces Beige Wig Cap, Wig Caps for Women Lace Front Wig Stocking Caps for Wigs Nude Wig Cap Beige Wig Cap 1 Pcs",6.29,7992.0,5.66,11.92,83.49,10.0,,Jbextension.usa,化纤前蕾丝头套,,,products_sales_us.csv,100.0,71.4,50.0,60.0,60.0,60.0,68.0,71.5,69.9,
17,"EUNOIALENS Fit-Over Sunglasses Women's Oversized Full-Rim Plastic Fit-Over Sunglasses - Polarized UV400 UV-Protection Lenses, Lightweight, Bold Look, Ideal for Vacation, Women's Gifts, Sunglasses For Women, Accessories For Women",9.9,8076.0,8.81,2.91,33.0,15.0,,DS high quality goods,太阳镜,,,products_sales_us.csv,100.0,78.3,75.0,20.0,60.0,60.0,72.8,69.8,69.7,价格战红海
384,"Women's Cute Car Bow Decor - Girly Car Accessories, Waterproof Vehicle Decoration, Exterior Accessories for SUV, Sedan & Motorcycle, Daily Driving & Photo Styling Ornament, Car Accessories Cute Car Decals Car Sticker Decal",9.99,1761.0,1.86,2795.0,2.95,14.0,,Embercraft,服饰配件套装,,,products_sales_us.csv,100.0,46.5,70.0,84.0,60.0,60.0,50.5,81.3,69.0,
403,"Mini Makeup Bag with Partitions & Zipper, Portable Cosmetic Organizer for Lipstick & Essentials, Ideal for Airplane Travel & Daily Use, Fashion Accessory for Adults, Women's Gifts, Gifts for Women, Womens Gifts",9.0,1684.0,2.34,2556.0,3.43,13.0,,Embercraft,服饰配件套装,,,products_sales_us.csv,100.0,46.2,65.0,84.0,60.0,60.0,50.3,80.0,68.2,
37,Anchor Glasses Grips - 3 Pack - Anti Slip Eyeglass Holder Ear Grip Sunglasses Retainer Temple Tip Reading Glasses Holder,10.97,5437.0,6.27,15.93,167.93,15.0,,AnchorGlassesStraps,眼镜盒与配件,,,products_sales_us.csv,100.0,61.0,75.0,44.0,60.0,60.0,60.7,74.5,68.1,
36,"Love in Faith Women's Cross Bead - Gold Rings, Adjustable Lightweight Gold-Plated Brass, One Size Fits All, Luxe Comfortable Jewelry for Women, Christmas Gift",9.95,5502.0,4.35,5518.0,4.36,20.0,,Love in Faith,戒指,,,products_sales_us.csv,100.0,60.2,100.0,20.0,60.0,60.0,60.1,76.0,68.0,价格战红海
16,"Retro Chunky Square Sunglasses 2 Pack for Men Women, Thick Black & Clear Plastic Frame with Metal Details, UV400 Anti-Glare PC Lenses, Trendy 90s Y2K Shades for Beach Party Travel Gifts",12.0,8082.0,11.03,9.78,137.01,15.0,,DS high quality goods,太阳镜,,,products_sales_us.csv,100.0,72.2,75.0,20.0,60.0,60.0,68.5,69.8,67.9,价格战红海
62,Zlzlblbl Hairline Brush for Human Hair Wigs Edge Control & Teasing Comb for Women's Styling(Random Color),19.99,4431.0,9.54,1.46,30.73,1.0,,Zlzlblbl Hair Factory Store,发饰套装,,,products_sales_us.csv,100.0,65.7,5.0,100.0,60.0,60.0,64.0,68.2,67.5,
9,"Women's Fashion Floral Print Shawl, Breathable Beach Cover-Up, Geometric Pattern, All-Season Fitted Wrap, Summer Essential",5.6,9211.0,5.89,2.09,14.43,8.0,,kkher,围巾&围脖,,,products_sales_us.csv,100.0,87.5,40.0,20.0,60.0,60.0,79.3,61.0,67.3,价格战红海
397,Cycling Mask Filter Sheet Dustproof And Warm Face Mask Protective Lens Detachable,12.99,1711.0,2.31,2598.0,3.49,8.0,,OLLAS,口罩与配件,,,products_sales_us.csv,100.0,46.3,40.0,100.0,60.0,60.0,50.4,77.0,66.9,
41,YADOCA 14K Plated Gold Filled Ring Initial Ring Dainty Simple Letter Band Rings Signet Stackable Pinky Alphabet Thin Thumb Rings for Women Non Tarnish Size 6 7 8 9 10,15.5,5306.0,9.06,1.03,17.45,12.0,,YADOCA JEWELRY,戒指,,,products_sales_us.csv,100.0,75.6,60.0,20.0,60.0,60.0,70.9,66.0,66.7,价格战红海
103,"Summervibes Dreamlover Wig Grip Band for Lace Front Wigs, Adjustable Elastic Wig Grip Headband Wig Band for Women",17.0,3626.0,6.63,4.65,78.18,15.0,,Dreamlover Online,接发与假发配件,,,products_sales_us.csv,100.0,55.7,75.0,44.0,60.0,60.0,57.0,74.5,66.6,
22,Astra | Modern Flat-Lens Cat-Eye Sunglasses For Women,49.0,7277.0,30.97,1.12,48.84,15.0,,WMP Eyewear,太阳镜,,,products_sales_us.csv,70.0,87.0,75.0,20.0,60.0,60.0,78.9,59.2,66.3,
56,"Kitsch Banana Clip 2pc - Black & Tort, Made of Black Plastic with Tornado Design, Ideal for Food Storage",11.1,4564.0,5.26,2.99,33.43,17.0,,Kitsch,发夹发簪,,,products_sales_us.csv,100.0,61.5,85.0,20.0,60.0,60.0,61.0,72.2,66.2,价格战红海
57,"Maneja Con Cuidado Te Necesito Aquí Conmigo Keychain with Cross & ""I Love You"" Charm, Spanish Drive Safe Stainless Steel Keyring, Romantic Religious Gift for Him/Her Adjustable Heart Rate Couples Bracelet Set Rotating Retractable Reading Badge Holder",9.49,4556.0,3.96,1.38,12.91,14.5,,Senpeo,钥匙扣,,,products_sales_us.csv,100.0,67.0,72.5,20.0,60.0,60.0,64.9,69.1,66.0,价格战红海
85,"YLNWH 18G Titanium Steel Nose Rings Set – Internally Threaded Horseshoe Hoop with Gems, Surgical Grade, Includes Insertion Tool",10.66,4006.0,4.84,1.11,13.55,15.0,,Nuvilite,身体饰品,,,products_sales_us.csv,100.0,66.0,75.0,20.0,60.0,60.0,64.2,69.8,66.0,价格战红海
32,Blush Theme Scruchies Velvet Elastics for Women Free Gifts,19.99,6059.0,12.89,9202.0,19.81,11.5,,Cute Bein Hair Shop,接发与假发配件,,,products_sales_us.csv,100.0,62.2,57.5,44.0,60.0,60.0,61.5,70.2,65.9,
35,Pay Difference/ Table Mix Charm (Pack in live),,5505.0,2.28,5.41,75.04,12.0,,Bella Charms,首饰吊件及装饰,,,products_sales_us.csv,60.0,63.4,60.0,92.0,60.0,60.0,62.3,66.4,65.8,
150,Custom 360 Wave Cap - The Royalty Cap,14.4,3050.0,4.63,6.33,94.95,20.0,,Royalty Headwear,帽子,,,products_sales_us.csv,100.0,52.7,100.0,20.0,60.0,60.0,54.9,76.0,65.8,价格战红海
194,"Clubmasters Sunglasses for Men, Chris Ray Vintage Club Master Y2K Shades",9.49,2662.0,2.79,3.81,38.74,20.0,,Chris Ray Eyewear,太阳镜,,,products_sales_us.csv,100.0,51.9,100.0,20.0,60.0,60.0,54.4,76.0,65.6,价格战红海
14,[Random Color] OQ 1 Count Cute Colorful Hair Clips,19.9,8210.0,16.33,1.07,21.36,3.0,,OQ HAIR SHOP,真人发前蕾丝头套,,,products_sales_us.csv,100.0,94.1,15.0,20.0,60.0,60.0,83.9,54.8,65.5,价格战红海
45,Dearmay Gold Initial Anklets for Women 14K Gold Plated Ankle Bracelet with Letter Pendant Waterproof Adjustable Anklet Set Stackable Personalized Jewelry Summer Beach Accessories Gift for Girls,11.99,5064.0,6.53,1.29,16.96,12.0,,Dearmay,脚链,,,products_sales_us.csv,100.0,70.8,60.0,20.0,60.0,60.0,67.6,66.0,65.3,价格战红海
23,"Women's Elegant Chic Style All Over Print Long Dress & Scarf, Beach Sun Protection Fitted Matching Set for Summer Womenswear",7.4,7091.0,6.23,1.53,20.08,8.0,,Trendy Moo,围巾&围脖,,,products_sales_us.csv,100.0,80.5,40.0,20.0,60.0,60.0,74.3,61.0,65.1,价格战红海
15,TEWIKY (NINI) Necklace 14K Gold Plated Jewelry Exclusive NINI,17.99,8159.0,14.67,9282.0,16.69,,,Tewiky,项链,,,products_sales_us.csv,100.0,69.9,60.0,20.0,60.0,60.0,66.9,66.0,65.0,价格战红海
84,"Kimorn Polarized Square Fit-Over Sunglasses for Men and Women, Lightweight Trendy Casual Frame with UV400 Protection for Driving & Outdoors, High Quality Sunglasses, Trendy Casual Sunglasses",18.99,4010.0,6.67,1.89,32.03,15.0,,AE Glasses,太阳镜,,,products_sales_us.csv,100.0,61.3,75.0,20.0,60.0,60.0,60.9,69.8,64.6,价格战红海
26,"GANIA Double-Layer 26-Letter Gold-Tone Chain Heart-Shaped Anklet with a heart-shaped pendant; featuring an adjustable design, it is perfect for women. It’s a summer must-have and an ideal Valentine’s Day gift.",14.0,6720.0,9.84,2.41,34.07,10.0,,GANIA,脚链,,,products_sales_us.csv,100.0,73.3,50.0,20.0,60.0,60.0,69.3,63.5,64.5,价格战红海
79,Men’s Fashion & Business Watches,1.0,4063.0,4063.0,6061.0,6061.0,,,XanaduGems,中性表,,,products_sales_us.csv,60.0,54.9,60.0,100.0,60.0,60.0,56.4,68.0,64.5,
410,"Men's Luminous Simple Quartz Business Watch - Stainless Steel Band, Gold Accents, Blue Dial with Date & Day Indicator, Men's Accessories, Thoughtful Birthday Gift for Boyfriend, Gifts For Boyfriend, Birthday Gifts For Bf",17.0,1667.0,3.12,3883.0,6.85,8.0,,Horizon Chrono,男表,,,products_sales_us.csv,100.0,46.1,40.0,84.0,60.0,60.0,50.3,73.8,64.4,
72,"ShineThru Unisex Retro Square Frame Sunglasses - 1 Pair PC Plastic Semi-Rimless Double Beam, UV-Protection Lens, Stylish Fashion Accessory, Women's Gift, Party Use",10.9,4283.0,5.06,1.45,16.18,13.0,,ShineThru,太阳镜,,,products_sales_us.csv,100.0,64.9,65.0,20.0,60.0,60.0,63.5,67.2,64.2,价格战红海
61,【FitOver Sunglasses】SIPHEW Mirrored Sunglasses Polarized Fit Over Glasses for Women Men for Driving - Trendy Large Square Oversized UV400 Protection Sun Glasses,14.0,4453.0,7.48,4.28,67.02,15.0,,Global EyeWear Selection,太阳镜,,,products_sales_us.csv,100.0,59.6,75.0,20.0,60.0,60.0,59.7,69.8,64.1,价格战红海
99,"Female 6-Pcs Soft Cotton Assorted Pink-Toned High-Waist Briefs, Tummy Control Comfy Casual Lingerie for Postpartum & Maternity",,3729.0,5.25,3872.0,5.45,12.0,,FSV221 shop,耳罩,,,products_sales_us.csv,60.0,53.7,60.0,100.0,60.0,60.0,55.6,68.0,64.1,
145,"EUNOIALENS Unisex Vintage Square Sunglasses 2-Pack - Transparent Plastic Full Rim Acetate Frames, Simple Eyewear Fashion Accessories, Shades for Gifting & Everyday Wear, Unisex Square Fit Value Backups Modern Trendy Sunglasses Acetate Sunglasses",12.27,3108.0,4.35,1.19,17.99,15.0,,DS high quality goods,太阳镜,,,products_sales_us.csv,100.0,59.6,75.0,20.0,60.0,60.0,59.7,69.8,64.1,价格战红海
217,〖Summer Vibes〗1/2 PCS Large Frame Double Beam Metal Fashion Glasses Toad Glasses Advanced Retro Personality Versatile Daily Wear Street Photography Vacation Travel Beach Accessories Gold Color Sleek Rectangular Sunglasses Acetate Sunglasses,12.1,2507.0,3.47,2.95,38.61,18.0,,TS Fashion Boutique,太阳镜,,,products_sales_us.csv,100.0,51.8,90.0,20.0,60.0,60.0,54.3,73.5,64.1,价格战红海
195,"YANIBEST Bonnet for Men Hair Bonnet for Sleeping Double Layer Satin Bonnets for Black Women Curly Hair Braids, men gifts, FathersDayGift, hats men，Haircare bonnetsilk #SummerWins#DealsForYoudays,clothes for back to school,first day of school outfits",13.59,2655.0,3.64,1.03,14.35,15.0,,YANIBEST,帽子,,,products_sales_us.csv,100.0,57.8,75.0,20.0,60.0,60.0,58.5,69.8,63.6,价格战红海
431,LIVE REVEAL EARRING- Comment to Claim Each Earring,22.9,1614.0,3.99,1.65,38.48,18.5,,Blue Bay Clay,耳环,,,products_sales_us.csv,100.0,49.0,92.5,20.0,60.0,60.0,52.3,74.1,63.6,价格战红海
53,"Tasiso Women's Floating Cubic Zirconia Pendant Necklace on Invisible Transparent Cord, Minimalist Choker Adjustable Length, Everyday Layering Jewelry, For Woman,Gift,summeroutfits,vacationoutfits,beachoutfits,Thick Clear Invisible Fishing Line",12.49,4701.0,6.38,1.14,15.52,10.0,,Tasiso,项链,,,products_sales_us.csv,100.0,70.1,50.0,20.0,60.0,60.0,67.1,63.5,63.5,价格战红海
232,High quality iced out wrist watch automatic waterproof bling bling Rhinestone Embellished Quartz Watch og two tone ace hood watches,42.97,2427.0,10.48,5332.0,22.18,13.5,,New store: Automatics Watch,男表,,,products_sales_us.csv,70.0,48.9,67.5,84.0,60.0,60.0,52.2,70.2,63.4,
13,"Headbands for Women, 4-Piece Elegant Butterfly Set with Wavy Crystal Design, Lightweight & Non-Slip Girly Feminine Accessories for Parties, Women's Fashion, Accessories For Women",,8212.0,7.9,1.98,19.15,15.0,,JJBD Shop,发带发箍,,,products_sales_us.csv,60.0,83.1,75.0,20.0,60.0,60.0,76.1,55.8,63.2,
94,"New Trendy Men's High-End Quartz Analog Watch, Arabic Numerals Wristwatch, Fashion Simple Couple Watch, Stylish and Elegant Timepiece, Casual Analog Watch, Analog Quartz Watches",2.1,3880.0,9611.98,1.18,3.76,8.0,,K.S.Y.Chronomaster,情侣表,,,products_sales_us.csv,60.0,64.5,40.0,92.0,60.0,60.0,63.2,61.4,63.2,
51,Setex® Eyeglass Nose Pads,,4816.0,7.48,7512.0,11.9,20.0,,Setexgrip,眼镜盒与配件,,,products_sales_us.csv,60.0,57.6,100.0,44.0,60.0,60.0,58.4,66.8,62.9,
138,"Tewiky Women's Silver Ankle Bracelet Set - Dainty Layered Waterproof Sparkly Herringbone Beaded Rope Chain, Adjustable Stackable Summer Beach Stylish Accessories, Jewelry Gift, Jewelry For Women, Womens Gifts, Anklets For Women",12.0,3185.0,3.97,1.11,15.66,13.0,,Tewiky official,脚链,,,products_sales_us.csv,100.0,60.6,65.0,20.0,60.0,60.0,60.5,67.2,62.9,价格战红海
278,Zig Zag Headband 2pc - Black & Tort,11.1,2186.0,1.9,4.05,31.4,17.0,,Kitsch,发带发箍,,,products_sales_us.csv,100.0,49.7,85.0,20.0,60.0,60.0,52.8,72.2,62.7,价格战红海
392,Kitsch Extra Wide Spa Headband - Soft and Comfortable Design for a Relaxing Spa Experience,7.4,1729.0,2.13,1.7,17.8,17.0,,Kitsch,发带发箍,,,products_sales_us.csv,100.0,49.5,85.0,20.0,60.0,60.0,52.7,72.2,62.6,价格战红海
126,"Paleshy 4-Pack Women's Blue Light Blocking Glasses - Anti- Round Face Eyewear Set, 4 Fashion Frame Colors | Internet Celebrity Style Windproof No-Makeup Essential",10.66,3348.0,4.03,5.14,68.6,15.0,,Elegant&Pure Shop,镜框与镜片,,,products_sales_us.csv,100.0,54.3,75.0,20.0,60.0,60.0,56.0,69.8,62.5,价格战红海
131,"Unisex Oversize Frame Aviator Safety Sunglasses - Men's Accessories, Cool Gifts for Guys, Ideal for Cycling, Driving, Oversized Unisex Sunglasses, Safety Sports Sunglasses",14.99,3217.0,5.4,1.05,17.13,12.0,,NovaNook.,镜框与镜片,,,products_sales_us.csv,100.0,61.4,60.0,20.0,60.0,60.0,61.0,66.0,62.4,价格战红海
269,"Women's 6-Count Elastic Headbands Set - Metal Body Wave-Zig Zag Training Headbands with Comb, Textured Twist Design, Sports Hair Accessory, Ideal Gift, Body Wave Headband",11.9,2202.0,3.14,1.17,16.5,15.0,,lumoqi,发带发箍,,,products_sales_us.csv,100.0,54.0,75.0,20.0,60.0,60.0,55.8,69.8,62.4,价格战红海
104,"YLNWH LED Earrings, Light Up Stud Earrings, Glowing Diamond Crown Pendant Earring for Women and Men, LED Jewelry for Party, Wedding, Birthday, Night Out, Disco, Festival",9.49,3587.0,3.58,5429.0,5.07,15.0,,Nuvilite,耳环,,,products_sales_us.csv,100.0,53.1,75.0,20.0,60.0,60.0,55.2,69.8,62.2,价格战红海
298,"Women's 9pcs Copper Non-Piercing Nose Clips - U-Shape, Star, Love, Crown Designs with Zirconia, Aesthetic Whimsical Fake Nose Rings, Funky Unique Accessories for Women, Chic Whimsical Gifts (TikTok Shop Spring Glow Up Pick), Teenage Girls Gifts",8.9,2101.0,2.03,1.18,11.34,15.0,,Arpurraina2,身体饰品,,,products_sales_us.csv,100.0,53.3,75.0,20.0,60.0,60.0,55.3,69.8,62.2,价格战红海
133,"Humwam 2-in-1 Haircare Bonnet - Large Size Yellow Friction-Free Dreadlock Sleep Cap Hairbands & Scrunchies, Smooth Elastic Pantyhose, Breathable, Water-Resistant, UV Shield, Lightweight, Hand Wash, Styling",14.99,3201.0,5.24,1.2,19.48,12.0,,GRT BEAUTY,头绳,,,products_sales_us.csv,100.0,60.1,60.0,20.0,60.0,60.0,60.0,66.0,62.0,价格战红海
202,【SummerVibes】SUNGAIT Retro Polygon Aviator Sunglasses for Men Women Polarized Trendy Square Sun Glasses Stylish Pilot Shades UV400 Protection for Beach Travel School,15.3,2608.0,5.02,2.68,51.01,15.0,,SUNGAIT,太阳镜,,,products_sales_us.csv,100.0,52.6,75.0,20.0,60.0,60.0,54.8,69.8,62.0,价格战红海
86,2026 US SummerVibes | Tactical Metal Hook Elastic Belt (Unisex) - Patented No - Buckle Invisible Design / EDC / EveryDayCarry / Soft Adjustable Side Waist Belt Pocket belts for men,8.98,4005.0,4.35,2.99,35.38,12.0,,FortuneAdorn,皮带,,,products_sales_us.csv,100.0,58.9,60.0,20.0,60.0,60.0,59.2,66.0,61.7,价格战红海
142,EVRY JEWELS Gold or Silver Plated Women's Hypoallergenic Forever Blessed Cross Necklace,9.99,3155.0,3.21,8974.0,7.92,15.0,,EvryJewels,项链,,,products_sales_us.csv,100.0,51.6,75.0,20.0,60.0,60.0,54.1,69.8,61.7,价格战红海
433,"2 Pairs 14K Gold Plated Twisted Round Hoop Earrings, Minimalist Lightweight Copper Jewelry for Women & Men, Trendy Comfortable Hoops for Daily Wear, Wedding Party Summer Occasions and Birthday Gift",8.7,1606.0,1.68,4131.0,4.43,14.0,,DDBD shop,首饰套装,,,products_sales_us.csv,100.0,45.9,70.0,36.0,60.0,60.0,50.1,71.7,61.7,价格战红海
164,"5-Pack Cooling Helmet Liner Caps, Moisture-Wicking Breathable Pirate Head Wraps, Stretchy Adjustable Sports Outdoor Hat, Sweat-Absorbent Cooling Beanie for Motorcycle Cycling & Outdoor Riding, Adjustable Hat, Sports Outdoor Hats",10.49,2900.0,3.57,4307.0,5.17,15.0,,DDBD shop,帽子,,,products_sales_us.csv,100.0,50.6,75.0,20.0,60.0,60.0,53.4,69.8,61.4,价格战红海
116,HD Wig Cap 2 Pieces Ultra-thin Wig Caps Invisible Nude Skinlike and Stretchy Wig Cap for lace front wig,16.6,3437.0,6.55,4.28,74.44,13.0,,U&A HAIR SHOP,真人发接发&发片,,,products_sales_us.csv,100.0,55.1,65.0,20.0,60.0,60.0,56.6,67.2,61.3,价格战红海
117,1Pack Satin Hair Scrunchies for Women - Glossy Satin Scrunchies for Hair Satin Scrunchies for Girls Holiday Gift Silk Hair Tie No Damage Cute Satin Hair Scrunchie for Styling,16.6,3436.0,6.56,4.25,75.78,13.0,,U&A HAIR SHOP,头绳,,,products_sales_us.csv,100.0,55.1,65.0,20.0,60.0,60.0,56.6,67.2,61.3,价格战红海
118,"Hair Clips 2 Pack – Professional Alligator Clips For Hair, Hair Clips For Styling, Hair Styling Clips, Aligator Clips, Salon Hair Clips, Plastic Hair Clips",16.6,3436.0,6.54,4.32,74.96,13.0,,U&A HAIR SHOP,发夹发簪,,,products_sales_us.csv,100.0,55.1,65.0,20.0,60.0,60.0,56.6,67.2,61.3,价格战红海
119,"3 pieces No Bend Hair Clips, No Crease Hair Clips, Pin Curl Hair Clips for Makeup Hair Styling",16.6,3436.0,6.56,4.32,74.5,13.0,,U&A HAIR SHOP,发夹发簪,,,products_sales_us.csv,100.0,55.1,65.0,20.0,60.0,60.0,56.6,67.2,61.3,价格战红海
182,"Kimorn Retro Small Oval Sunglasses for Women Men, Y2K Vintage Narrow Round Cateye Shades, UV400 Protection Summervibes",16.99,2778.0,3.57,6475.0,8.48,15.0,,AE Glasses,太阳镜,,,products_sales_us.csv,100.0,50.2,75.0,20.0,60.0,60.0,53.1,69.8,61.3,价格战红海
10,"EUNOIALENS Rimless High Quality Eyewear, Frameless Glasses with Diamond-Cut Edges, Stainless Steel Fashion Temple Decor, Unisex Adults' Accessories for Daily Use, Mens Gifts. summerwins,summerwins, Father's Day Gifts,summer outifit,travel essentials",,9091.0,10.92,9.34,119.16,15.0,,DS high quality goods,镜框与镜片,,,products_sales_us.csv,60.0,76.4,75.0,20.0,60.0,60.0,71.5,55.8,61.2,
52,Tewiky(NINI) Bracelet 14K Gold Plated Jewelry Exclusive NINI,17.99,4705.0,8.46,5331.0,9.59,,,Tewiky,手环与手链,,,products_sales_us.csv,100.0,57.2,60.0,20.0,60.0,60.0,58.1,66.0,61.2,价格战红海
245,"Retro Unisex Fashionable All-match Tinted Lens Aviator Sunglasses, His and Hers Gifts, Semi-Rimless Summer Vintage Trendy Glasses, Fashionable Sunglasses Men Women for Outdoor Activities #SummerVibes,summer outifit,travel essentials",9.0,2335.0,2.52,5.13,52.31,15.0,,Collar Tow,镜框与镜片,,,products_sales_us.csv,100.0,50.0,75.0,20.0,60.0,60.0,53.0,69.8,61.2,价格战红海
412,Decorative Iris Keychain Charm (#C09) Stylish Keychain By Iris & Rainbow,5.0,1660.0,1.21,4.83,24.7,16.0,,IRIS & RAINBOW,钥匙扣,,,products_sales_us.csv,100.0,47.2,80.0,20.0,60.0,60.0,51.0,71.0,61.1,价格战红海
8,FREEKISS Chunky Cuban Link Chain Anklet for Women Waterproof Anklet Adjustable Length 8.5+2 Inch Fashion Chic Accessories Stackable Anklet Trendy Layered Anklet Set Jewelry Gift Suitable for Summer Beach Vacations backtoschool,,9824.0,12.94,7.44,98.99,13.0,,FREEKISS OFFICIAL,脚链,,,products_sales_us.csv,60.0,80.1,65.0,20.0,60.0,60.0,74.1,53.2,60.8,
249,"ShineThru 1 Pair Unisex Plastic Full-Rim Retro Fashion Womens Sunglasses - Trendy Versatile Design, UV Protection, Lightweight Comfort, Suitable for Daily & Outdoor Wear",10.98,2318.0,2.85,4730.0,5.02,15.0,,ShineThru,太阳镜,,,products_sales_us.csv,100.0,48.5,75.0,20.0,60.0,60.0,51.9,69.8,60.8,价格战红海
30,"EUNOIALENS 70s Vintage Oversized Aviation Sunglasses - Unisex Thick Frame Anti UV Glasses, UV400 Shield, Women's Fashion Accessories, Summer Sun Protective Eyewear, Men's Sunglasses, Gifts For Women, Glasses For Women",,6171.0,7.09,1.58,18.09,15.0,,DS high quality goods,太阳镜,,,products_sales_us.csv,60.0,74.8,75.0,20.0,60.0,60.0,70.4,55.8,60.7,
162,"Copper Bracelet for Women, Pure Copper Magnetic Bracelets, Natural Unique Gemstone, Gifts for Women Trendy Stack Bangle Trendy Jewellery Accessories Valentine’s Day gift.",6.59,2905.0,2.59,5552.0,5.79,14.0,,Lunaire Threads,手环与手链,,,products_sales_us.csv,100.0,50.6,70.0,20.0,60.0,60.0,53.5,68.5,60.7,价格战红海
344,Beanie Hat,20.0,1868.0,3.96,2622.0,5.47,15.5,,Hype Wall,帽子,,,products_sales_us.csv,100.0,46.8,77.5,20.0,60.0,60.0,50.8,70.4,60.7,价格战红海
418,"3-in-1 Multifunctional Retractable Pull Reel Carabiner Keychain with Strong Steel Wire Rope Buckle, Outdoor Sport Tool for Men's Accessories, Tools and Gadgets, Mens Gifts",9.5,1650.0,1.97,1.08,10.76,14.0,,KIS77,钥匙扣,,,products_sales_us.csv,100.0,50.8,70.0,20.0,60.0,60.0,53.6,68.5,60.7,价格战红海
60,6pcs Value Pack 316L medical-grade titanium steel 18G 1.0mm Horseshoe Nose Hoop Internally Threaded Gems Nose Ring with Free Ball Holder & Guiding Needle,12.9,4511.0,6.25,3.85,51.27,10.0,,BabyQueen,身体饰品,,,products_sales_us.csv,100.0,60.2,50.0,20.0,60.0,60.0,60.1,63.5,60.6,价格战红海
200,"ShineThru Aviator Sunglasses for Women & Men 2-Pack, Fashion Metal Frame Summer Shades, Trendy Unisex Eyewear for Beach, Vacation & Daily Outfits",14.98,2615.0,3.52,2.58,35.01,13.0,,ShineThru,太阳镜,,,products_sales_us.csv,100.0,52.7,65.0,20.0,60.0,60.0,54.9,67.2,60.6,价格战红海
303,"YAPPY Inspirational Bible Verse Bracelets for Women & Men, Reversible Waterproof Design with NFC Daily Faith Quotes, Great GF or BF Gift, Gifts For Women, Gf Gift",11.2,2074.0,3.08,29.52,388.53,15.0,,Yappy Bracelets,手环与手链,,,products_sales_us.csv,100.0,47.8,75.0,20.0,60.0,60.0,51.5,69.8,60.6,价格战红海
455,"Unisex Oval Flat-Top Non-Prescription Eyeglasses, Lightweight PC Frame, AC Lens, Fashion Accessory,summer outifit,travel essentials",10.65,1545.0,1.85,2.19,24.54,15.0,,A.June's Shop,镜框与镜片,,,products_sales_us.csv,100.0,47.9,75.0,20.0,60.0,60.0,51.5,69.8,60.6,价格战红海
80,"2pcs Set Heart Shaped Cuban Chain Necklace Set for &,Hip Hop Style Choker Set,Luxurious Jewelry Set for Valentine's Day Gifts, Birthday,Everyday & Party Wear, for Teenager",11.8,4059.0,5.33,1.33,16.3,5.0,,Vogue-Jewelry,首饰套装,,,products_sales_us.csv,100.0,64.4,25.0,36.0,60.0,60.0,63.1,60.5,60.5,价格战红海
482,"9pcs Nose Ring Jewelry Shape Nose Ring Copper Non Piercing Nose Rings, U Shape Star Love Crown Nose Clip with Zirconia shape nose nose ring nose ring Punk Rhinestone Clip-On Gold gold nose protection bracelet cross septum Stainless Steel Charm summerwi",8.9,1484.0,1.47,2.19,21.64,15.0,,Arpurraina,身体饰品,,,products_sales_us.csv,100.0,47.6,75.0,20.0,60.0,60.0,51.3,69.8,60.5,价格战红海
12,Unisex Plain Color Multifunctional Skull Caps 2026 Summer Sportive Beanie Fitted Hat for Men Women Stretchy Helmet Liner Biking Accessory Back To School Birthday Outfit Machine Washable Polyamide SpringStatements Fitting Outdoor Hat,,8267.0,7.12,6.98,44.07,15.0,,love home-based,帽子,,,products_sales_us.csv,60.0,74.0,75.0,20.0,60.0,60.0,69.8,55.8,60.4,
39,"Heavy-Duty Metal Keychain for Men, Waterproof Multi-Tool with Bottle Opener & Dual Clip, Cool Accessory for Outdoors & Camping, Great Father's Day Gifts, Gifts For Boyfriend, Tools And Gadgets, Men's Accessories, Mens Gifts",12.8,5381.0,6.62,6499.0,7.92,10.0,,Orion Box,钥匙扣,,,products_sales_us.csv,100.0,59.7,50.0,20.0,60.0,60.0,59.8,63.5,60.4,价格战红海
236,"Couple Casual Water Resistant Watch, Quartz Analog Watches, Analog Wristwatches, Fashion Waterproof Round Dial Analog Stainless Steel Quartz Watch Set with Date & Week Display Function, Modern Accessories As Gift with Box",28.0,2403.0,5.09,8931.0,18.09,8.0,,CTPOR,情侣表,,,products_sales_us.csv,70.0,48.8,40.0,92.0,60.0,60.0,52.2,64.9,60.4,
457,EVRY JEWELS Gold or Silver Plated Stainless Steel Women's Hypoallergenic Cross Necklaces,8.99,1540.0,1.49,3.2,25.84,15.0,,EvryJewels,项链,,,products_sales_us.csv,100.0,47.1,75.0,20.0,60.0,60.0,51.0,69.8,60.4,价格战红海
134,"Unisex 2-Piece Retro Full-Rim Square Sunglasses - Lightweight Polycarbonate (PC) Frames with Metal Head Decoration, Men's Accessories, Women's Gifts for Beach & Daily Wear",15.5,3200.0,5.58,8702.0,14.7,13.0,,ShineThru,镜框与镜片,,,products_sales_us.csv,100.0,51.7,65.0,20.0,60.0,60.0,54.2,67.2,60.3,价格战红海
255,"ShineThru Unisex Retro Oversized Aviator Shades - Trendy Casual Stylish Windproof Punk Sunglasses,, Large Frame Beach Fashion Eyewear Accessory, Trendy Casual Sunglasses",11.0,2290.0,2.49,2.17,24.12,13.0,,ShineThru,太阳镜,,,products_sales_us.csv,100.0,51.7,65.0,20.0,60.0,60.0,54.2,67.2,60.3,价格战红海
353,"KIMORN Oval Cat Eye Polarized Sunglasses for Women, Y2K Vintage Style, for Travel Beach Daily Wear Summervibes",16.99,1850.0,3.01,2931.0,4.48,15.0,,AE Glasses,太阳镜,,,products_sales_us.csv,100.0,46.8,75.0,20.0,60.0,60.0,50.7,69.8,60.3,价格战红海
470,"Lace Wig Grip Cap for Women,Glueless Wig 4x5 Lace Reusable Wig Cap for Lace Front Wigs to Keep Wigs in Place,Adjustable Wig Cap with Grip Band Non Slip Cap#tiktokshopbacktoschoo#SummerWinsl",,1505.0,1.67,1.37,13.1,20.0,,SZ General merchandise Co Ltd,接发与假发配件,,,products_sales_us.csv,60.0,48.9,100.0,44.0,60.0,60.0,52.3,66.8,60.3,
478,"Vintage Silver-Tone Witchy Symbolic Bracelet - Pagan-Inspired Lightweight Costume Jewelry with Moon, Sun, Tree of Life, Owl, Pentagram, Feather Charms - Celestial Gothic Boho Halloween Gift for Alternative Style, Adjustable, Daily Wear",9.69,1491.0,1.66,1510.0,1.68,15.5,,Jadeglow Lane,手环与手链,,,products_sales_us.csv,100.0,45.5,77.5,20.0,60.0,60.0,49.8,70.4,60.3,价格战红海
127,"Women's Round Dial Analog Quartz Watch, Luminous Watch for Party, Daily Clothing Decor, All-match Waterproof Watch for Birthday Gift with Box, Casual Stainless Steel Wristwatch, Quartz Wrist Watches",,3345.0,4.31,4.07,53.84,8.0,,POEDAGAR SSS,女表,,,products_sales_us.csv,60.0,54.8,40.0,92.0,60.0,60.0,56.4,61.4,60.2,
139,"Men's & Women's 6-Pack Vintage Rectangle Frame Sunglasses Set - UV400 Sun Protective Casual Trendy Frames Sunglasses, Anti-UV Glasses, Luxury Fashion Accessories, Men's Gifts, Accessories For Women, Womens Sunglasses",11.99,3176.0,4.35,4.13,54.02,12.0,,Urban Optic Shop,镜框与镜片,,,products_sales_us.csv,100.0,54.0,60.0,20.0,60.0,60.0,55.8,66.0,60.2,价格战红海
379,"EUNOIALENS Unisex Style 2PCS Chunky Rectangle Full Rim Plastic Bold Frame Sunglasses - UV400 Protection, Standout Beach-Themed, Shared Wear, Men's Accessories, Ideal for Casual Outings & Beach Days, Womens Sunglasses",12.65,1768.0,2.44,9296.0,13.52,15.0,,DS high quality goods,太阳镜,,,products_sales_us.csv,100.0,46.5,75.0,20.0,60.0,60.0,50.5,69.8,60.2,价格战红海
420,"Tewiky 14K Gold Bracelet Waterproof, Stackable Jewelry Set Non-Fading, Stylish and Delicate Bracelet Stackable Fashion Accessory, Gift for Women",15.99,1644.0,2.62,2559.0,4.09,,,Tewiky official,首饰套装,,,products_sales_us.csv,100.0,46.0,60.0,36.0,60.0,60.0,50.2,69.2,60.2,价格战红海
474,"【summerwins】Women's Luxury Gold Tone Analog Watch - Modern Fashionable Wristwatch with Simple Scale Square Dial, Gold Plated, Self-Size Adjuster, Gift Box, High Quality Watch for Mom, High Quality Watches",,1499.0,2.56,1.14,19.0,10.0,,New Pioneers Shop,女表,,,products_sales_us.csv,60.0,49.6,50.0,92.0,60.0,60.0,52.7,63.9,60.2,
88,"Women's Luxury 4-Pack Zircon Stud Earring Set - Gold/Silver, Round/Square Styles, Hypoallergenic Fit, Everyday Wear, Matching Backs, Complimentary Box - Accessories for Women, Premium Gifts, Gemstone stud earrings, Jewelry For Women",13.57,3963.0,6.15,3.23,47.62,10.0,,LUNARA,耳环,,,products_sales_us.csv,100.0,58.4,50.0,20.0,60.0,60.0,58.9,63.5,60.0,价格战红海
167,SIPHEW Classic Sunglasses for Women Polarized Driving Anti-Glare UV Protection,12.6,2852.0,3.85,1.13,15.43,10.0,,SunniesHub,太阳镜,,,products_sales_us.csv,100.0,58.3,50.0,20.0,60.0,60.0,58.8,63.5,60.0,价格战红海
490,"3CT Square Halo Ring, 5A CZ Wedding Band for Women, Engagement Ring Jewelry Promise Ring Gift for Her Bridal Rings Statement Ring",23.27,1460.0,3.62,2640.0,6.63,15.0,,JJ Chic,戒指,,,products_sales_us.csv,100.0,45.3,75.0,20.0,60.0,60.0,49.7,69.8,59.9,价格战红海
358,Silicone Perfume Oil Keychain - Free With Any Perfume Oil,15.0,1833.0,3.61,1.06,19.13,12.0,,CYKLAR,钥匙扣,,,products_sales_us.csv,100.0,52.1,60.0,20.0,60.0,60.0,54.5,66.0,59.6,价格战红海
135,"BloomChic Women's Plus Size Black Statement Belt [M-6X] - Gold-Tone Buckle With Chain Detail, Regular Sizes 10-30, Casual Wrap Waist Belt for Dresses & Fall Outfits, Women's Fashion Accessories",6.1,3200.0,2.55,5675.0,4.6,12.0,,BloomChic,皮带,,,products_sales_us.csv,100.0,51.7,60.0,20.0,60.0,60.0,54.2,66.0,59.5,价格战红海
211,"Unisex 2-Pack Retro Futuristic Square Sunglasses, Trendy Y2K Fashion Shades for Driving, Outdoor Activities, Men's Accessories for Adults, Mens Gifts, Cool Gifts for Guys, Accessories Adults",9.99,2536.0,2.55,2727.0,2.74,13.0,,Embercraft,太阳镜,,,products_sales_us.csv,100.0,49.3,65.0,20.0,60.0,60.0,52.5,67.2,59.5,价格战红海
29,"Stylish Aviator Sunglasses for Men and Women , Trendy Rectangle, Fashionable Design, Perfect for Outdoor Activities and Daily Wear",,6223.0,8.54,2.62,35.92,15.0,,StarH,太阳镜,,,products_sales_us.csv,60.0,70.2,75.0,20.0,60.0,60.0,67.2,55.8,59.3,
178,"Back To School Sunglasses for Travel use, Fashion Fall/Summer 2026 Geometric Frame Double Beam Sun Protection Glasses Trends, Travel Accessories, Fall Outfits, Fall Freshness, Vacation Outfits",11.88,2808.0,3.95,1.52,20.29,10.0,,GOECI,太阳镜,,,products_sales_us.csv,100.0,56.1,50.0,20.0,60.0,60.0,57.2,63.5,59.3,价格战红海
476,"ShineThru Men's 6-Pair Metal Rimless Sleek Rectangular Trendy Sunglasses - PC Gradient Lenses, UV-Protection Lens, Stylish Glasses, Unisex Men's Accessories for Daily Commuting, Outdoor Activities",16.3,1493.0,2.79,1.59,27.93,13.0,,ShineThru,太阳镜,,,products_sales_us.csv,100.0,48.4,65.0,20.0,60.0,60.0,51.9,67.2,59.3,价格战红海
185,KINHOPI Gold Big Hoop Earrings for Big Ear Men Cartilage Huggie Simple Clean Lightweight Gift Gold Plated Hoop men's accessories,14.99,2750.0,4.35,1.57,24.54,10.0,,KINHOPI,耳环,,,products_sales_us.csv,100.0,55.6,50.0,20.0,60.0,60.0,56.9,63.5,59.2,价格战红海
266,"ShineThru Women's Aviator Sunglasses - Trendy Designer Full-Rim UV400 Protection Eyewear, Gold Trim Black Frame, Lightweight Pilot Style, Fashionable Accessories for Women, Trendy Sunglasses",10.66,2212.0,2.66,6381.0,7.5,13.0,,ShineThru,太阳镜,,,products_sales_us.csv,100.0,48.1,65.0,20.0,60.0,60.0,51.7,67.2,59.2,价格战红海
461,"Men's 2-Piece Buckleless Elastic Waist Belt, Casual Hook-and-Loop Closure Belts for Adjustable Fit, Men's Accessories Elastic Waist Band, Accessories Adults, Guys Gifts, Gifts For Him, Mens Gifts",9.9,1524.0,1.71,6660.0,9.89,14.0,,LDK Tool,皮带,,,products_sales_us.csv,100.0,45.6,70.0,20.0,60.0,60.0,49.9,68.5,59.2,价格战红海
180,Y2K Retro Fashion Tortoise Shell Polarized Sunglasses for Women Lightweight Square Frame High Quality Casual Summer Glasses Gift for Girlfriend backtoschool,8.72,2792.0,2.59,2940.0,2.73,12.0,,Halo Daily Shop,太阳镜,,,products_sales_us.csv,100.0,50.2,60.0,20.0,60.0,60.0,53.2,66.0,59.1,价格战红海
34,"LOLIAS 14K Chunky Gold Hoop Earrings for Women 925 Sterling Silver Post Hollow Tube Hoops Earrings 4mm Thick Hoop Earrings Hypoallergenic Lightweight Gold Big Large Hoop Earrings 25/30/40/50/60/70MM, Gold Jewelry, Accessories",,5647.0,7.47,1.1,15.23,12.0,,LOLIAS JEWELRY,耳环,,,products_sales_us.csv,60.0,76.7,60.0,20.0,60.0,60.0,71.7,52.0,59.0,
66,Zlzlblbl Wig Cap for Women HD Lace Front Wigs 2 Pieces,19.99,4431.0,9.7,1.48,30.92,1.0,,Zlzlblbl Hair Factory Store,接发与假发配件,,,products_sales_us.csv,100.0,65.6,5.0,44.0,60.0,60.0,63.9,57.0,59.0,
158,"Skull Beanie 2025 - New Unisex Knitted Beanie Hat - High Quality Y2k Warm Beanies Running Cap, Breathable Elastic Material, Casual Style, Fashionable Hats, Letter Print Beanie",5.21,2945.0,1.96,1.0,9.03,8.0,,Naiben Clothing,帽子,,,products_sales_us.csv,100.0,60.0,40.0,20.0,60.0,60.0,60.0,61.0,59.0,价格战红海
189,"5 Pairs 14K Gold Plated Huggie Small Hoop Earrings Set for Women Men, Hypoallergenic Hoop Earrings for Cartilage, Lightweight Stackable Earrings for Sensitive Ears",12.99,2708.0,3.88,9494.0,13.17,12.0,,YIONIFI official,耳环,,,products_sales_us.csv,100.0,49.9,60.0,20.0,60.0,60.0,52.9,66.0,59.0,价格战红海
190,"Women's High-End Sense Personality Fashion Big Brand, P Polygonal High-End Sunglasses Frame,Men's Fashion Sunglasses",15.59,2706.0,4.04,5834.0,8.48,12.0,,moqushangmaoshop,镜框与镜片,,,products_sales_us.csv,100.0,49.9,60.0,20.0,60.0,60.0,52.9,66.0,59.0,价格战红海
25,"Unisex Statement Sunglasses - Colorful Mirrored 1-Piece Rubber Shield Design, Windproof UV400 Shield, Outdoor Sports Eyewear Statement Pieces for Outfits for Beach, Driving",,6933.0,6.93,1.63,16.13,11.0,,Urban Optic Shop,镜框与镜片,,,products_sales_us.csv,60.0,78.7,55.0,20.0,60.0,60.0,73.1,50.8,58.9,
46,#350 Ginger 13x6 Lace Front Wigs Ginger Orange Body Wave HD Lace Wig Straight Human Hair Wigs With Natural Hairline,19.99,4941.0,10.74,2.18,48.65,1.0,,Cute Bein Hair Shop,接发与假发配件,,,products_sales_us.csv,100.0,65.2,5.0,44.0,60.0,60.0,63.6,57.0,58.9,
141,"ZENOTTIC Daily Anti Blue Light Glasses for Men & Women, Rectangle TR90 Frame with Ultra Clean Lense & Adjustable Spring Hinge,Summer Wins,Gaming Essential",16.9,3169.0,6.15,3.32,61.68,10.0,,ZENOTTIC,镜框与镜片,,,products_sales_us.csv,100.0,54.6,50.0,20.0,60.0,60.0,56.2,63.5,58.9,价格战红海
87,"Sunber Custom Wig Bonding Adhesive Backed Double-Sided Sticky Tape, Hair Extension Accessory",9.99,3988.0,5.03,2.42,27.05,3.0,,Sunber Hair,接发与假发配件,,,products_sales_us.csv,100.0,59.8,15.0,44.0,60.0,60.0,59.8,59.5,58.8,
170,"Boho Multi-Layer Faux Pearl Necklace for Women, Vintage Statement Fashion Jewelry, Versatile Gift for Daily Wear and Parties, String of Pearls, Trendy Necklace, Pearl Necklace Strand, Accessory Necklace",9.0,2836.0,2.87,1.03,10.88,8.0,,Nyareya,项链,,,products_sales_us.csv,100.0,59.0,40.0,20.0,60.0,60.0,59.3,61.0,58.7,价格战红海
247,"Unisex Fashion Skull Cap - Beanie Hats, Casual Outfits Cap, Fashionable Hats, Fitted Beanie, Flexible Fit Design, One Size for Daily Wear & Sports",,2328.0,1.36,1.01,6.16,20.0,,This is my life,帽子,,,products_sales_us.csv,60.0,55.7,100.0,20.0,60.0,60.0,57.0,62.0,58.7,
44,"EunoiaLens Unisex Oval Non-Prescription Glasses 2-Pack - Black & Clear Full Rim Minimalist Chic Frames, Stainless Steel, Oval Shape Flatters Face, Shared Style Fit, Classic Fashion Accessory, Summer Outfit Travel Essential Gift Set",,5155.0,6.47,1.83,23.62,15.0,,DS high quality goods,镜框与镜片,,,products_sales_us.csv,60.0,67.7,75.0,20.0,60.0,60.0,65.4,55.8,58.6,
256,"Tewiky Costume Jewelry Live Auction - Layered Necklaces, Everyday Wear, Mix-Match Easy Fashion Accessories",19.99,2271.0,4.54,3270.0,6.53,,,Tewiky official,项链,,,products_sales_us.csv,100.0,48.3,60.0,20.0,60.0,60.0,51.8,66.0,58.5,价格战红海
73,"Women's Colorblock Print Long Scarf & Poncho Set, Casual Soft Comfortable Shawl for Beach Vacation, Beach Cover Up, Beachwear Cover Up, Swimwear Coverups, Swimsuit Coverups, Fashion Accessories for Women & Girls",6.98,4279.0,3.19,5.79,72.67,8.0,,IROJEFF,围巾&围脖,,,products_sales_us.csv,100.0,58.0,40.0,20.0,60.0,60.0,58.6,61.0,58.4,价格战红海
281,"Gold Plated Chain and Pendant Set - 22"" 4mm Chain with Tricolor Charms for Boys & Girls - Perfect Gift for Mom Aunt Niece Daughter",13.99,2182.0,3.36,8932.0,13.25,12.0,,Nancy elizabeth varela,项链,,,products_sales_us.csv,100.0,48.0,60.0,20.0,60.0,60.0,51.6,66.0,58.4,价格战红海
4,〖Summer Vibes〗3 PCS Retro Oval Sunglasses for Women Chic Cat Eye 90s Sunnies Lightweight Narrow Shades Trendy UV Protection Sunglasses Vintage Rich Girl Sunglasses Women Sunglasseswomen,11.9,1.25,16.89,6.26,84.41,15.0,,TS Fashion Boutique,太阳镜,,,products_sales_us.csv,100.0,40.0,75.0,20.0,60.0,60.0,46.0,69.8,58.3,价格战红海
299,"Women's 4-Piece Semi-Rimless Oversized Square Sunglasses - Chic Black Anti-UV Minimalist Eyewear, Leopard Print Styles for Streetwear, Outdoor Use, Back to School Sports Eyewear",9.99,2100.0,2.21,2936.0,3.06,12.0,,Halo Daily Shop,太阳镜,,,products_sales_us.csv,100.0,47.7,60.0,20.0,60.0,60.0,51.4,66.0,58.3,价格战红海
304,"Cute leopard print plush sleep cap with bear ears and a bow; women’s sleep cap with ruffle detailing and satin lining; anti frizz hair protection night cap; soft, stretchy headwear suitable for curly haired users during sleep, everyday beauty routines, an",12.9,2072.0,3.01,2794.0,4.08,12.0,,CANDY YOYO,帽子,,,products_sales_us.csv,100.0,47.6,60.0,20.0,60.0,60.0,51.3,66.0,58.3,价格战红海
448,"Yaki Curly V Part Wig 26 Inch, Synthetic Half Wig Glueless U Part, Flip Curls, Natural, for Women, Daily Party Use, Natural Looking Wig, Glueless Wavy Wig",24.0,1559.0,2.93,2523.0,4.48,8.0,,LADY MIRANDA,化纤全机制头套,,,products_sales_us.csv,100.0,45.7,40.0,44.0,60.0,60.0,50.0,65.8,58.3,
7,Summervibes Dreamlover Brown Black Wig Grip Band 2pcs for Women Adjustable Headband for Keeping Wigs in Place Non Slip Comfortable Breathable Hair Styling Tool,10.0,1.03,13.07,4.97,58.88,10.0,,Dreamlover Online,接发与假发配件,,,products_sales_us.csv,100.0,40.0,50.0,44.0,60.0,60.0,46.0,68.3,58.1,
149,GANIA Letter Layered Ankle Bracelets for Women Dainty Chain Initial Pendant Anklets Set Hypoallergenic A-Z Gifts for Girls Trendy Adjustable Size Waterproof Costume Accessories,12.0,3064.0,4.3,12.99,159.75,10.0,,GANIA,脚链,,,products_sales_us.csv,100.0,52.0,50.0,20.0,60.0,60.0,54.4,63.5,58.1,价格战红海
360,TEWIKY (J) Anklets & Bracelets | 14K Gold Plated Jewelry Auction Exclusive J,16.99,1831.0,3.28,2318.0,4.15,,,Tewiky,脚链,,,products_sales_us.csv,100.0,46.7,60.0,20.0,60.0,60.0,50.7,66.0,58.0,价格战红海
227,"[Blue Light Blocking] Retro Square Semi-Rimless Glasses | Stylish PC + Metal Wear-Resistant Blend Non-Prescription Glasses for Reading, Gaming, and Computer Use (Includes Cleaning Cloth & Case)",13.96,2452.0,3.78,6936.0,10.55,11.0,,TIANYUE Accessories&Hats,镜框与镜片,,,products_sales_us.csv,100.0,49.0,55.0,20.0,60.0,60.0,52.3,64.8,57.9,价格战红海
391,TEWIKY (J) Necklace 14K Gold Plated Jewelry Auction Exclusive J,17.99,1730.0,3.1,2505.0,4.49,,,Tewiky,项链,,,products_sales_us.csv,100.0,46.3,60.0,20.0,60.0,60.0,50.4,66.0,57.9,价格战红海
70,"Vibrant Beach Shawl, Loose Fit, Sun Protection, Casual Style, Perfect for Vacation & Daily Wear, Embrace Summer Comfort, Beach Coverups",9.87,4371.0,4.99,4601.0,5.26,8.0,,IROJEFF Shop,围巾&围脖,,,products_sales_us.csv,100.0,56.0,40.0,20.0,60.0,60.0,57.2,61.0,57.8,价格战红海
436,TEWIKY Gold Virgin Mary Necklace with Cross Dainty Y Chain Faith Jewelry Gift For Women Elegant Design Long Versatile Use For Easter,12.6,1595.0,2.17,8371.0,11.08,12.0,,Tewiky,项链,,,products_sales_us.csv,100.0,45.8,60.0,20.0,60.0,60.0,50.1,66.0,57.8,价格战红海
443,"2026 Women's Vintage Square Oversized Sunglasses - Retro Framework, PC-Plastic Large Statement Frames, Full Protection, Vintage Charm for Travel, Beach Wear, Statement Frame Glasses, Enhanced Coverage, One Size, Full-Frame",10.29,1577.0,1.82,8565.0,9.87,12.0,,VGO SHOP,太阳镜,,,products_sales_us.csv,100.0,45.8,60.0,20.0,60.0,60.0,50.0,66.0,57.7,价格战红海
318,Polarized Over Glasses Sunglasses for Women Sunglasses that Fit Over Glasses UV400 Protection for Outdoor Driving,12.6,2000.0,2.75,2.1,29.41,10.0,,SunniesHub,太阳镜,,,products_sales_us.csv,100.0,50.3,50.0,20.0,60.0,60.0,53.2,63.5,57.6,价格战红海
485,"Boys&Hood 8A High Quality Honeycomb Diamond Grillz, Hiphop Streetwear Teeth-Dental Accessory, Men's Funky Unique Costume Body Jewelry Set, Teeth Accessory, Funky Unique Accessories",19.99,1474.0,3.22,4191.0,9.03,12.0,,Boys Hood,身体饰品,,,products_sales_us.csv,100.0,45.4,60.0,20.0,60.0,60.0,49.8,66.0,57.6,价格战红海
492,"Inspire Bracelet ""GOD IS IN CONTROL""/""DIOS TIENE EL CONTROL"" - Premium Artistic Engraving, Stainless Steel & 18k Gold Plated, Adjustable Up to 10in, Meaningful & Visually Appealing Jewelry, English and Spanish, Perfect Mother's Day Gift, SummerVibes",8.71,1459.0,1.4,7948.0,7.68,12.0,,SnugSpark Studio,手环与手链,,,products_sales_us.csv,100.0,45.3,60.0,20.0,60.0,60.0,49.7,66.0,57.6,价格战红海
469,"The MULA S925 silver-plated firefly ring, with its elegant and luxurious fluorescent design, is the perfect gift for girls, ladies, and nature lovers. (Zircon-set nature-inspired ring)",11.95,1506.0,1.85,1.08,11.59,10.0,,MULA Fashion Jewerly,戒指,,,products_sales_us.csv,100.0,49.9,50.0,20.0,60.0,60.0,52.9,63.5,57.5,价格战红海
212,"Blue Light Blocking Glasses 99% for Computer & Gaming | Anti Eyestrain Glasses with UV Protection | Anti Glare Screen Glasses for Office & Streaming,summer outifit,travel essentials",,2535.0,5545.31,3.93,12.61,35.0,,YUTA Store,镜框与镜片,,,products_sales_us.csv,60.0,51.3,100.0,20.0,60.0,60.0,53.9,62.0,57.4,
259,"GGIRL Fashion World Map Pendant Necklace 18K Gold Plated National Flag Design for Men Women Neutral Gift Travel Enthusiast Modern Versatile Streetwear Statement Jewelry，Fashion Jewelry Gift for Holiday Haul Christmas Birthdays Anniversaries,summerwins",12.99,2253.0,3.39,4.83,61.52,10.0,,GGIRL,项链,,,products_sales_us.csv,100.0,49.7,50.0,20.0,60.0,60.0,52.8,63.5,57.4,价格战红海
282,"2 pair Earring 18K Gold Plated Set for Men and Women. Features VVS - cut round and square gemstone earrings. These delicate, elegant and stylish accessories are for pierced ears.TikTokShopBlackFriday",13.99,2181.0,3.3,1.64,23.97,9.0,,STEFEN FLAME Jewelry,耳环,,,products_sales_us.csv,100.0,52.1,45.0,20.0,60.0,60.0,54.5,62.2,57.4,价格战红海
213,"Earrings for Women, 14K Gold & White Gold Plated Hoop Earrings, Lightweight Hypoallergenic Chunky Modern Statement Jewelry, Daily Casual Party Wear Accessories, Stylish Ear Ornaments, Elegant Fashion Decoration, Ideal Birthday Holiday Gifts for Women",13.99,2531.0,4.02,5564.0,8.76,10.0,,SHINEME JEWELRY,耳环,,,products_sales_us.csv,100.0,49.3,50.0,20.0,60.0,60.0,52.5,63.5,57.3,价格战红海
214,MOO MOO Women’s printed long dress and scarf set; Bohemian casual shawl dress with scarf; relaxed loose beachwear; soft and comfortable; suitable for all seasons; a must-have for seaside vacations. Matching Outfit,8.99,2514.0,3.21,4526.0,5.62,10.0,,KK-ARS,围巾&围脖,,,products_sales_us.csv,100.0,49.2,50.0,20.0,60.0,60.0,52.4,63.5,57.3,价格战红海
348,"Japanese Street Style Camp Hat, Men's 5-Panel Polyester Baseball Cap, Lightweight & Breathable, Sporty Chic Streetwear, Men's Accessories for Adults, Mens Hats, Accessories Adults, Gifts For Him, Guys Gifts, Cool Gifts For Guys, Baseball Drip",14.96,1863.0,3.0,7915.0,12.36,11.0,,TIANYUE Accessories&Hats,帽子,,,products_sales_us.csv,100.0,46.8,55.0,20.0,60.0,60.0,50.8,64.8,57.3,价格战红海
96,"Leopard Print Square Statement Ring, Wild Pattern Design, Animal Theme, Side Embellishments, Bold Personalized Fashion Jewelry Ring",6.59,3814.0,2.8,3941.0,2.9,8.0,,Speroseful,戒指,,,products_sales_us.csv,100.0,54.0,40.0,20.0,60.0,60.0,55.8,61.0,57.2,价格战红海
381,1Pack Satin Hair Scrunchies for Women - Glossy Satin Scrunchies for Hair Satin Scrunchies for Girls Holiday Gift Silk Hair Tie No Damage Cute Satin Hair Scrunchie for Styling,15.99,1764.0,3.14,2.19,36.55,10.0,,UA HAIR,头绳,,,products_sales_us.csv,100.0,49.0,50.0,20.0,60.0,60.0,52.3,63.5,57.2,价格战红海
382,"Hair Clips 2 Pack – Professional Alligator Clips For Hair, Hair Clips For Styling, Hair Styling Clips, Aligator Clips, Salon Hair Clips, Plastic Hair Clips",15.99,1764.0,3.11,2.19,36.59,10.0,,UA HAIR,发夹发簪,,,products_sales_us.csv,100.0,49.0,50.0,20.0,60.0,60.0,52.3,63.5,57.2,价格战红海
383,"3 pieces No Bend Hair Clips, No Crease Hair Clips, Pin Curl Hair Clips for Makeup Hair Styling",15.99,1764.0,3.13,2.19,36.76,10.0,,UA HAIR,发夹发簪,,,products_sales_us.csv,100.0,49.0,50.0,20.0,60.0,60.0,52.3,63.5,57.2,价格战红海
243,"Men's Minimalist Faith Cross Necklace - Stainless Steel with Inscriptions, Durable Fashion Accessory | Halo Accessories",13.48,2375.0,3.61,8523.0,12.52,10.0,,Halo accessories,项链,,,products_sales_us.csv,100.0,48.7,50.0,20.0,60.0,60.0,52.1,63.5,57.1,价格战红海
295,"Energy magnet bracelet, eco-friendly alloy with diamonds, adjustable ladies' wristband，Valentine's Day gift, Christmas gift",6.9,2107.0,1.67,5.94,57.15,10.0,,LINTNIPIECD,手环与手链,,,products_sales_us.csv,100.0,48.8,50.0,20.0,60.0,60.0,52.2,63.5,57.1,价格战红海
286,"Men's Sporty Glasses, Active Eyewear, Trendy Casual Wraparound Frame Glasses for Everyday Use, Summer Sports Glasses, Fashion Accessories for Outdoor Activities, Lightweight Sports Sunglasses",11.72,2147.0,2.9,1.2,11.98,8.0,,ZX Coolmaker,太阳镜,,,products_sales_us.csv,100.0,53.5,40.0,20.0,60.0,60.0,55.4,61.0,57.0,价格战红海
394,"KissYan Gold Ankle Bracelets for Women, 9"" or 11"" 14K Gold-Plated Anklets Chunky Cuban Link Chain Summer Beach Foot Jewelry Gifts & Jewelry for Christmas Gifts 9"" or 11"" Adjustable Extension Chain Mothers Day Gift Ideas TikTokShopBackToSchool",14.4,1721.0,2.92,2.58,42.97,10.0,,KissYanOfficial,脚链,,,products_sales_us.csv,100.0,48.4,50.0,20.0,60.0,60.0,51.9,63.5,57.0,价格战红海
197,"Unisex Dri-Fit Loc Cap - Hats, Baseball Cap Wave, Classic Snapback, Smurf Logo, Breathable, Soft, Lightweight for Stylish Wear, Snapback Hats, Brand Logo Hats",,2644.0,3.95,7225.0,10.46,20.0,,smurfandcompany,帽子,,,products_sales_us.csv,60.0,49.7,100.0,20.0,60.0,60.0,52.8,62.0,56.9,
264,"Soco Exquisite 3-Pair 14K Gold Plated Layered Hoop Earring Set for Women, Geometric and Round Huggie Earrings with Hinged Clasps, Model DDES0407",13.9,2224.0,2.93,6589.0,7.85,10.0,,Soocosisx,耳环,,,products_sales_us.csv,100.0,48.1,50.0,20.0,60.0,60.0,51.7,63.5,56.9,价格战红海
283,"""1pc Elegant Heart Key Pendant Bracelet, Women's Bracelet, 13 Small Pendants, Bohemian Style, Shiny and Exquisite Silvery, Women's Fashion Jewelry Accessories, Suitable for Wife, Girlfriend, Fashion Gift, Birthday Gift "" bangle, Bracelets, Accessories Fo",8.69,2165.0,1.89,4798.0,4.27,10.0,,Jadeglow Lane,手环与手链,,,products_sales_us.csv,100.0,47.9,50.0,20.0,60.0,60.0,51.6,63.5,56.9,价格战红海
446,Men's Wallet RFID Slim Smart Wallet Card Holder with AirTag Holder Leather Carbon Fiber Minimalist Pop Up Wallet 9-14 Card Capacity ID Window Cash Slot for Everyday Carry Front Pocket Travel Gift for Men,12.5,1561.0,2.35,1.16,18.36,6.0,,Chic Odyssey,首饰套装,,,products_sales_us.csv,100.0,49.9,30.0,36.0,60.0,60.0,52.9,61.7,56.9,价格战红海
456,"925 Sterling Silver Rose Gold Plated Celtic Knot Ring Anillo Nudo de Bruja Plata Original Witch Knot Jewelry, Cubic Zirconia Decorated S925 Witches Knot Ring, Witchtok Witch Jewerly Pagan Jewelry for Devotion for Protection Gift for Her,Mother's day Gift",18.98,1542.0,3.28,1.98,44.42,10.0,,Vinci Jewelry,戒指,,,products_sales_us.csv,100.0,48.1,50.0,20.0,60.0,60.0,51.7,63.5,56.9,价格战红海
31,"Women's Retro Aviator Sunglasses - 2026 New Multi-Color Gradient Shades, Smaller Fit Casual Street-Style Outdoor Sunglasses for Female, Stylish Accessories for Women, Sunglasses For Women, Womens Sunglasses",,6082.0,5.88,2.69,26.61,12.0,,Halo Daily Shop,太阳镜,,,products_sales_us.csv,60.0,69.4,60.0,20.0,60.0,60.0,66.6,52.0,56.8,
108,"Fashion O Men‘s Sunglasses Case - Great for Cycling, Motorcycle Riding, Fishing & outdoors",,3535.0,11.1,2.55,82.59,12.0,,Fihejyd Bloom,眼镜盒与配件,,,products_sales_us.csv,60.0,57.3,60.0,44.0,60.0,60.0,58.1,56.8,56.8,
361,"Men's Adjustable Leather Ratchet Belt with Automatic Buckle, No-Hole Dress Belt for Casual & Business Wear, Perfect Gift for Dad tiktokshopbacktoschool,back to school,back to school haul",11.0,1826.0,2.06,6.6,72.49,10.0,,XMWUS,皮带,,,products_sales_us.csv,100.0,47.6,50.0,20.0,60.0,60.0,51.3,63.5,56.8,价格战红海
309,"S925 Sterling Silver Moonstone Synthetic Women's Adjustable Thumb Open Ring, Victoria Vintage Style Hypoallergenic Nickel Free, Retro Floral, Lucky, Faith, Mother's Love Ring, Bohemian Style, Daily, Party, Holiday, Valentine's Day, Halloween, Easter Gift",21.3,2037.0,5.06,3448.0,8.64,10.0,,Vinci Jewelry,戒指,,,products_sales_us.csv,100.0,47.5,50.0,20.0,60.0,60.0,51.2,63.5,56.7,价格战红海
38,"1pc Arpurraina Money Attraction Bracelet with Green Aventurine & Tiger Eye beaded jewelry protection bracelet encouragement gift fashion artificial bracelet of the day Colorblock Beaded Crystal Bracelet ,Manifestation, Wealth Amulet, Good Fortune,",,5388.0,5.65,11.34,113.61,15.0,,Arpurraina,手环与手链,,,products_sales_us.csv,60.0,61.2,75.0,20.0,60.0,60.0,60.9,55.8,56.6,
330,Money Magnet! Lucky Four-Leaf Clover Green Aventurine Bracelet - Manifest Wealth & Prosperity Crystal Charm,9.26,1939.0,1.53,4466.0,3.6,10.0,,HEILSZHSHOP,手环与手链,,,products_sales_us.csv,100.0,47.1,50.0,20.0,60.0,60.0,51.0,63.5,56.6,价格战红海
389,"ViewSelect Blue Light Blocking Progressive Reading Glasses with Spring Hinge - HD Anti-Fatigue Computer Readers for Men & Women (Black, Orange, Clear)",10.0,1733.0,2.28,3484.0,4.18,10.0,,Blink n Bling,镜框与镜片,,,products_sales_us.csv,100.0,46.3,50.0,20.0,60.0,60.0,50.4,63.5,56.4,价格战红海
76,Lush Haute Wear and Go Body Wave Headband Wig Synthetic Wavy Wig for Women Glueless Wig with Headband Attached Heat Friendly 22 inch,,4193.0,11.32,2.45,69.88,10.0,,Lush Haute,化纤全机制头套,,,products_sales_us.csv,60.0,60.7,50.0,44.0,60.0,60.0,60.5,54.3,56.3,
407,"Middle Finger FAFO Keychain Aluminum Alloy - Compact, Stylish, 3D Double-Sided Mirror Design, UV Protective Coating, Practical Fashion Accessory for Shopping Use",10.99,1679.0,1.99,1786.0,2.12,10.0,,Meme-Azon,钥匙扣,,,products_sales_us.csv,100.0,46.2,50.0,20.0,60.0,60.0,50.3,63.5,56.3,价格战红海
434,"Classic Gold-Tone Promise Ring for Women, Princess Cut Matching 2 Piece Sets, Stacking Band Jewelry for Womens Gifts, Gold Jewelry, Rings For Women, Gold Rings, Matching Promise Rings",9.49,1600.0,1.54,4786.0,4.08,10.02,,xb Jewelry,戒指,,,products_sales_us.csv,100.0,45.9,50.1,20.0,60.0,60.0,50.1,63.5,56.3,价格战红海
18,"Cute Hair Clip Decor Hairband, Novelty Multifunction Hair Hoop with Clips, Hair Accessories for Women, Hairstyle Accessory, Minimalist Headwear, Trendy Hair Hoop, Minimalist Hair Hoops, mothers day gift, Hairclip Headband, Fashion Headbands",,8071.0,1.28,3.32,5.74,8.0,,Chic Pendants,发带发箍,,,products_sales_us.csv,60.0,77.2,40.0,20.0,60.0,60.0,72.0,47.0,56.2,
49,"Creative Slogan Metal Keychain, Stainless Steel Key Ring with Long Bar Pendant for Car Keys, Cute Fashion Accessory for Men and Women, Perfect Valentine's Day Gift and Keychain for Bags",10.99,4920.0,4.97,9386.0,9.12,5.0,,Koeyra,钥匙扣,,,products_sales_us.csv,100.0,58.0,25.0,20.0,60.0,60.0,58.6,57.2,56.2,价格战红海
479,"Men's Watch Set, Creative Snake Head Blue Light Glass, Rotary Steel Band Watch + Pixiu Bead Bracelet, 2pcs/set, All Seasons",,1488.0,1.43,5534.0,5.38,8.0,,Jusmi Watch,男表,,,products_sales_us.csv,60.0,45.5,40.0,84.0,60.0,60.0,49.8,59.8,56.2,
169,"Women's Elegant Geometric Print Two-Piece Set, Beach Sun Protection Long Robe & Scarf for All Seasons, Fashion Accessory, Beach Cover-Ups, Swimsuit Coverups, Swimwear Cover Up",12.9,2841.0,3.79,3569.0,5.16,8.0,,Trendy Moo,围巾&围脖,,,products_sales_us.csv,100.0,50.4,40.0,20.0,60.0,60.0,53.3,61.0,56.1,价格战红海
175,"Little Reminders Keychain for Women Men, You Are Enough Inspirational Keyring, Uplifting Gift for Friends",9.99,2816.0,2.52,2817.0,2.52,8.0,,EMkimi,钥匙扣,,,products_sales_us.csv,100.0,50.3,40.0,20.0,60.0,60.0,53.2,61.0,56.1,价格战红海
487,CASSIECA 11pairs Flat Back Earrings Stack for Women Cartilage Earrings Stacks-20G Surgical Stainless Steel Flatback Hypoallergenic Stud Hoop Earring Set Daith Conch Tragus Helix Piercing Jewelry Summervibes,15.0,1466.0,2.54,4453.0,7.54,10.0,,CASSIECA,耳环,,,products_sales_us.csv,100.0,45.4,50.0,20.0,60.0,60.0,49.8,63.5,56.1,价格战红海
50,"32 Inch Super Long Glueless Headband Half Wig for Women, Daily Wear Wig, Synthetic Wigs, Synthetic Straight Hair, Heat Resistant Fiber, Suitable for Daily & Party Use",27.8,4912.0,11.13,9942.0,20.58,8.0,,Fancee Hair,化纤全机制头套,,,products_sales_us.csv,70.0,58.0,40.0,44.0,60.0,60.0,58.6,55.3,56.0,
499,"3/5/7/9/11mm Stainless Steel Silver Color Cuban Curb Chain Necklace Choker 16-30"" for Men Women Daily Jewelry Christmas Gift",,1451.0,1.42,4.26,41.01,20.0,,Hermah store,项链,,,products_sales_us.csv,60.0,46.4,100.0,20.0,60.0,60.0,50.5,62.0,55.9,
206,"Polarized Sunglasses with American Flag Design, Retro Shades, Unisex Outdoor Driving Glasses, Fashionable Square Blue Lenses, Trendy Beach Eyewear, Square Frame Sunglasses",8.6,2566.0,2.34,4583.0,3.85,8.0,,YI SHENG SUNGLASSES,太阳镜,,,products_sales_us.csv,100.0,49.4,40.0,20.0,60.0,60.0,52.6,61.0,55.8,价格战红海
207,"Elegant Animal Print Shawl Set, Kaftan Long Maxi Dress & Scarf, Summer Beach Sun Protection, Casual Fitted Style",7.2,2566.0,3.46,2570.0,3.46,8.0,,IROJEFF,围巾&围脖,,,products_sales_us.csv,100.0,49.4,40.0,20.0,60.0,60.0,52.6,61.0,55.8,价格战红海
375,"Women's Fashion Print Long Robe Set, Moomoo Dress + Scarf Headband, Casual Woven Fabric, Soft Thin All-Season Wear, Beach Sun Protection",7.6,1779.0,1.85,2.07,22.5,8.0,,IROJEFF,围巾&围脖,,,products_sales_us.csv,100.0,49.2,40.0,20.0,60.0,60.0,52.4,61.0,55.8,价格战红海
136,Lush Haute New Afro Headband with Curly in the End Wig Synthetic Hair Texture with Unique Bouncy Curls in the End 20 Inch Soft Curly Full Hair Headband Wigs Synthetic for Women No Leave out Glueless Wig,,3199.0,11.87,1.48,54.18,10.0,,Lush Haute,化纤全机制头套,,,products_sales_us.csv,60.0,58.5,50.0,44.0,60.0,60.0,58.9,54.3,55.6,
192,"Unisex Invisible Boat Socks - Thick, Soft Comfy, Non-Slip, Non Binding, Flat-Ready Grip Low-Cut Ankle Liners for Flats, Sneakers, Everyday Use, Assorted Colors in 3-Pair, 10-Pair Packs",,2686.0,2.07,2691.0,2.08,15.0,,DDBD shop,首饰套装,,,products_sales_us.csv,60.0,49.8,75.0,36.0,60.0,60.0,52.9,59.0,55.6,
198,"EUNOIALENS Sunglasses for Men, Trendy Styling Box-Shape with Gold Metal Frame, Celebrity-Inspired Men's Accessories, Father's Day Gifts, Gold Metal Sunnies, Trendy Styling Sunglasses, Mens Gifts, Stylish Accessories, Gifts For Boyfriend",,2630.0,3.56,1.01,14.28,15.0,,DS high quality goods,太阳镜,,,products_sales_us.csv,60.0,57.8,75.0,20.0,60.0,60.0,58.4,55.8,55.6,
54,"Sports Ball & Gold Trophy Keychain Set, Mini Bag Charm Pendant for Backpack, Handbag, Keys and Party Gifts",,4677.0,4.43,1.14,11.13,10.0,,GoGe Goods,钥匙扣,,,products_sales_us.csv,60.0,70.0,50.0,20.0,60.0,60.0,67.0,49.5,55.5,
64,Zlzlblbl Natural Thick False Eyelashes For Women Randomly Send Out One,19.99,4431.0,9.57,1.46,30.55,1.0,,Zlzlblbl Hair Factory Store,头绳,,,products_sales_us.csv,100.0,65.7,5.0,20.0,60.0,60.0,64.0,52.2,55.5,价格战红海
143,"Handmade Cow Tag Belt Key Holder with Copper Initial – Custom Western Keychain for Men & Women, Texas-Inspired Cowboy Keychain, Fashion Accessory for Bags, Keys & Gifts",,3118.0,6.65,1.57,34.37,15.0,,DFN INC,钥匙扣,,,products_sales_us.csv,60.0,57.6,75.0,20.0,60.0,60.0,58.3,55.8,55.5,
349,Lush Haute 13X6 Synthetic Lace Front Wig Kinky Straight Lace Front Wig Pre Plucked 180% Density Yaki Straight Lace Front Wigs For Black Women Heat Resistant Hair,,1856.0,8.23,1.84,82.09,10.0,,Lush Haute,化纤前蕾丝头套,,,products_sales_us.csv,60.0,50.0,50.0,60.0,60.0,60.0,53.0,57.5,55.5,
63,Zlzlblbl Hair Elastic Band for Human Hair Wig Edge(Random Color),19.99,4431.0,9.67,1.47,30.88,1.0,,Zlzlblbl Hair Factory Store,头绳,,,products_sales_us.csv,100.0,65.7,5.0,20.0,60.0,60.0,64.0,52.2,55.4,价格战红海
65,Zlzlblbl 1 Piece Silk Satin Hair Ties Ponytail Holder For Women Randomly Send Out One,19.99,4431.0,9.73,1.47,30.98,1.0,,Zlzlblbl Hair Factory Store,头绳,,,products_sales_us.csv,100.0,65.7,5.0,20.0,60.0,60.0,64.0,52.2,55.4,价格战红海
172,"IDC Side Style Flexfit Cotton Mens Hat - Fitted Black Cap with White Side Design, Original Flexfit Tech, Premium Cotton-Spandex Blend, Structured 6-Panel Mid-Profile, Premacurv Visor with 8-Row Stitching, for Sporty Chic, Casual Wear (Accessories Adults)",28.0,2833.0,7.41,4025.0,11.02,15.0,,TheDriveClothing,帽子,,,products_sales_us.csv,70.0,50.4,75.0,20.0,60.0,60.0,53.3,59.2,55.4,
,Elegant Silver Snake Chain Necklace – Timeless Style for Every Occasion Summervibes,9.49,1.86,19.58,10.32,115.82,11.0,,SunnySide Studio,项链,,,products_sales_us.csv,100.0,40.0,55.0,20.0,60.0,60.0,46.0,64.8,55.3,价格战红海
83,"Hair Turban, 3-Piece Plain Microfiber Super Absorbent Towel for Women, Extra Soft Fast Dry Cap for Shiny Hair, Absorbent Quick Dry, Female, Three Pieces",,4025.0,5.91,2.69,48.32,14.0,,JJBD Shop,帽子,,,products_sales_us.csv,60.0,59.4,70.0,20.0,60.0,60.0,59.6,54.5,55.3,
312,"Women's Floral Leopard-Print Shawl Set, Scarf and Matching Headband, Sun-Protection Boho Beachwear Accessory, Boho Style Shawl",10.29,2031.0,3.94,3210.0,5.3,8.0,,IROJEFF,围巾&围脖,,,products_sales_us.csv,100.0,47.4,40.0,20.0,60.0,60.0,51.2,61.0,55.2,价格战红海
313,"70 Pcs Vintage Crystal Ring Set, Jewelry Knuckle Rings for Women, Bohemian Boho Stackable Joint Rings, Retro Joint Finger Rings, Jewellery",8.97,2029.0,2.65,3831.0,4.29,8.0,,Drperfect Jewelry,戒指,,,products_sales_us.csv,100.0,47.4,40.0,20.0,60.0,60.0,51.2,61.0,55.2,价格战红海
324,"New Fashion Unisex Sunglasses for Young Adults, PC Frame, Trendy Casual Sunglasses, Perfect for Daily Wear & Holidays, Modern Trendy Sunglasses",5.4,1975.0,1.13,6667.0,3.98,8.0,,Clever Eyes Glasses,太阳镜,,,products_sales_us.csv,100.0,47.2,40.0,20.0,60.0,60.0,51.1,61.0,55.2,价格战红海
27,Rings,2.0,6425.0,1.28,6712.0,1.34,,,OnJewelry,戒指,,,products_sales_us.csv,60.0,63.5,60.0,20.0,60.0,60.0,62.5,52.0,55.1,
404,"Don't Let The Hard Days Win Inspire Bracelet - Stainless Steel & 18k Gold Plated Braided Design with Engraved Message - Adjustable Up to 10""",7.75,1683.0,1.63,6.62,60.64,8.0,,Love U Gift,手环与手链,,,products_sales_us.csv,100.0,47.0,40.0,20.0,60.0,60.0,50.9,61.0,55.1,价格战红海
224,Elastic Band for Hair Wig Edge 1PCS Lace Melting Band for Wigs Amanda Hair,17.8,2476.0,5.01,1.56,18.79,5.0,,amandahair,头绳,,,products_sales_us.csv,100.0,54.0,25.0,20.0,60.0,60.0,55.8,57.2,55.0,价格战红海
250,"ATTCL Men's UV 400 Polarized Sunglasses (0.71 oz) - Ultra-Light Al-Mg Metal Frame Sports Eyewear for Driving, Golf, 99% UVA-UVB Blocking, Adults' Accessories, Mens Gifts for Boyfriend, Husband, Case, Microfiber Cloth, Test Card",,2317.0,4.61,6426.0,13.62,18.0,,ATTCL EYEWEAR USA,太阳镜,,,products_sales_us.csv,60.0,48.5,90.0,20.0,60.0,60.0,51.9,59.5,55.0,
352,"KAIRIYA 18 Inch Long Wavy Ponytail Extension with Elastic Hair Tie, Natural Wavy Hairpieces for Women, Soft Synthetic Hair Extensions for Daily Use",9.0,1850.0,1.6,2837.0,2.38,8.0,,KAIRIYA Hair,化纤接发&发片,,,products_sales_us.csv,100.0,46.8,40.0,20.0,60.0,60.0,50.7,61.0,55.0,价格战红海
48,"Glitter Sand Dumpling Keychain, Whimsical Kawaii Steamed Bun Bag Charm for Backpack Purse, Girly Feminine Items Keychains for Women, Mini Gifts for Girls, Bag Charms For Purse, Whimsy, Teenage Girls Gifts",3.0,4932.0,1.48,6770.0,2.07,14.0,,Gubercen,钥匙扣,,,products_sales_us.csv,60.0,58.1,70.0,20.0,60.0,60.0,58.7,54.5,54.9,
148,Ramiss Brazilian Body Wave Straight Bundles Human Hair Quick Weave Bundles 2x6 4x4 Lace Closure with Bundles Virgin Human Hair Weave Bundles Traditional Sew in Extensions,18.8,3067.0,6.36,9756.0,19.51,6.0,,Ramiss Hair,真人发接发&发片,,,products_sales_us.csv,100.0,51.2,30.0,20.0,60.0,60.0,53.9,58.5,54.9,价格战红海
219,Amanda Hair Hairbands For Lace Frontal Closure Wigs Soft Scrunchies Pink Color Beautiful Gifts,17.8,2499.0,5.06,1.62,18.86,5.0,,amandahair,头绳,,,products_sales_us.csv,100.0,54.0,25.0,20.0,60.0,60.0,55.8,57.2,54.9,价格战红海
388,"Women's S925 Real Silver Needle Pearl Ear Studs - Elegant, Modern Female Women's Fashion Jewelry, Niche, Simple, Versatile Accessory for Any Occasion",4.1,1734.0,1.19,1.84,12.96,17.5,,ExaltedShose,耳环,,,products_sales_us.csv,60.0,49.3,87.5,20.0,60.0,60.0,52.5,58.9,54.9,
393,"8 Pairs Multicolor PC Frame Sunglasses Set, Fashion Accessories, Chic Sunglasses, Colorblock Lenses, Ideal for Commuting, Street Photography, Gift Option",5.1,1726.0,1.22,2762.0,2.09,8.0,,SHUULI,太阳镜,,,products_sales_us.csv,100.0,46.3,40.0,20.0,60.0,60.0,50.4,61.0,54.9,价格战红海
422,"Unisex Vintage Sunglasses Brow Bar Frame, Casual Trendy Half Rim Glasses, Metal Plastic Frame, All Seasons Wear, Decorative Lenses, Fashion Eyeglasses",5.82,1634.0,2.42,11.06,75.77,8.0,,HyJex EYEWEAR,镜框与镜片,,,products_sales_us.csv,100.0,46.4,40.0,20.0,60.0,60.0,50.5,61.0,54.9,价格战红海
475,"Women's Floral Print Long Robe Dress & Scarf Set, Boho Casual Shawl Dress & Scarf Set for Beach Vacation Holiday, Ladies Clothes for All Seasons",10.87,1496.0,2.02,6.11,75.42,8.0,,IROJEFF,围巾&围脖,,,products_sales_us.csv,100.0,46.2,40.0,20.0,60.0,60.0,50.4,61.0,54.9,价格战红海
110,UNice Glueless Yaki Straight Short Bob Wig with Drawstring Pre-cut 7x5 HD Lace Human Hair Wigs with Bleached Knots Beginner Friendly Natural Hairline Summer Wig SummerArrvials #SoHoChic #TikTokShopBackToSchool,,3505.0,33.41,2.6,229.49,3.0,,UNICE,真人发发块头套,,,products_sales_us.csv,60.0,57.1,15.0,76.0,60.0,60.0,57.9,52.0,54.8,
234,[Detroit Layers] Beginher Hair Extra Full & Voluminous 20 Inches Middle Part Heat Resistance Fiber 250% Density Big-Head Friendly Kash Doll Curl Farrah Fawcett Layers 4x4 / T-Part Lace Synthetic Pre-Cut Glueless Wigs Natural Black Color SummerWins,,2410.0,13.65,2.05,118.1,8.0,,BeginherHair,化纤前蕾丝头套,,,products_sales_us.csv,60.0,52.5,40.0,60.0,60.0,60.0,54.8,55.0,54.8,
435,"【Mother's Day Gift】Mother Daughter Keychain for 3,Mother Big Sister Little Sister Keychain for 3, Sweet Meaningful Gift for Mom for Mother's Day, Birthday, Christmas or Just Because",9.99,1597.0,1.74,2279.0,2.4,8.0,,Love U Gift,钥匙扣,,,products_sales_us.csv,100.0,45.9,40.0,20.0,60.0,60.0,50.1,61.0,54.8,价格战红海
440,"Natural Messy Bun Hair for Women, Synthetic Loose Wave Bun Hair is Hair Extensions Ponytail with Elastic Drawstring, Gorgeous Bun Perfect for Beginners Daily Wear &Party Use. (8 Inch)",7.99,1589.0,1.32,2696.0,2.12,8.0,,GKtineke Hair,化纤接发&发片,,,products_sales_us.csv,100.0,45.8,40.0,20.0,60.0,60.0,50.1,61.0,54.7,价格战红海
460,"SUPKLEY Unisex Large Frame Sports Outdoor Sunglasses, Sporty Sunglasses, Sports Eyewear, Summer Sports Glasses, with TAC One-Piece Anti-Glare Lens, Multi-Colored Frames, Perfect for Street Photography & Outdoor Sports, Fashion Accessory, Gift Choice",12.39,1526.0,2.55,3667.0,5.06,8.0,,SUPKLEY PRO,太阳镜,,,products_sales_us.csv,100.0,45.6,40.0,20.0,60.0,60.0,49.9,61.0,54.7,价格战红海
125,UNice 250% Density Reddish Brown Fluffy Afro Kinky Curly with Layered Finger Coil Ends Glueless 7x5 HD Lace Closure Human Hair Wigs No Slip Beginner-Friendly Natural Looking Summer Wig SummerArrvials #SoHoChic #TikTokShopBackToSchool,,3354.0,40.47,2.42,271.75,3.0,,UNICE,真人发发块头套,,,products_sales_us.csv,60.0,56.6,15.0,76.0,60.0,60.0,57.6,52.0,54.6,
166,1 PC Adjustable Elastic Band for Wigs djustable Elastic Band for Wigs Removable Wig Band Nonslip Wig Strap Black Elastic Bands for Glueless Wig Making Wig Cap Accessories,20.99,2879.0,6.74,1.21,27.4,3.0,,bangjazzhair,发带发箍,,,products_sales_us.csv,100.0,58.0,15.0,20.0,60.0,60.0,58.6,54.8,54.6,价格战红海
191,Tewiky 14K Gold Plated Dainty Layered Waterproof Anklet For Women Adjustable Anklet Set Stackable Figaro Beaded Cuban Link Anklets Daily Clothing Decor For Beach Summer Trendy All-match & Exquisite Jewelry Gift For Women,,2688.0,3.22,5.55,71.24,13.0,,Tewiky official,首饰套装,,,products_sales_us.csv,60.0,51.4,65.0,36.0,60.0,60.0,54.0,56.5,54.6,
484,"2-Piece Leopard Print Shawl Set, Elegant Fitted Cape and Headscarf, Sun Protection Scarf for Beach, Swim Cover Up, All-Season Fashion Accessory",10.69,1478.0,1.91,1750.0,2.19,8.0,,IROJEFF,围巾&围脖,,,products_sales_us.csv,100.0,45.4,40.0,20.0,60.0,60.0,49.8,61.0,54.6,价格战红海
,Anxiety Rings for Women and Men Titanium Steel Spinner Fidget Band Rings with Cubic Zirconia for Stress Relief and Wedding Promise Comfort Fit Size 5 to 12,9.3,1.7,17.85,6.96,73.1,10.0,,Senpeo,戒指,,,products_sales_us.csv,100.0,40.0,50.0,20.0,60.0,60.0,46.0,63.5,54.5,价格战红海
92,Retro Y2K Oval Cat Eye Sunglasses for Women Fashion Vintage Trend Sun Shades,,3892.0,5.87,5761.0,8.6,15.0,,WM-XLX,太阳镜,,,products_sales_us.csv,60.0,54.3,75.0,20.0,60.0,60.0,56.0,55.8,54.5,
370,S925 Silver Stud Earrings - Classic &Fashion Ear Jewelry Perfect Birthday Mother'sDay Unisex Gift for Men Women Wedding Set,,1792.0,2.23,1.07,12.04,16.0,,Blink n Bling,耳环,,,products_sales_us.csv,60.0,51.8,80.0,20.0,60.0,60.0,54.3,57.0,54.5,
40,TEWIKY Dainty Layered Waterproof Anklet For Women Adjustable Womens Anklet Set Stackable Figaro Beaded Cuban Link Anklets Daily Clothing Decor For Beach Summer Trendy All-match & Exquisite Jewelry For Valentine's Day gifts,,5369.0,7.14,10.35,131.36,12.0,,Tewiky,脚链,,,products_sales_us.csv,60.0,61.3,60.0,20.0,60.0,60.0,60.9,52.0,54.4,
102,Tewiky Gold Box Chain Scalloped Shell Heart CZ Initial Necklace A–Z Micro Pave Letter Pendant For Valentine's Day gifts Dainty Gold Letter Elegant Necklace,,3652.0,4.71,1.42,18.56,12.0,,Tewiky,项链,,,products_sales_us.csv,60.0,61.4,60.0,20.0,60.0,60.0,61.0,52.0,54.4,
74,"Genuine Cowhide Men's Accessories, Classic Adjustable Strap for Jeans with Durable Design - Excellent for Father's Day Gifts & Gifts for Boyfriend, Durable Belts, Classic Belt, Guys Gifts",,4261.0,7.82,1.31,24.03,10.0,,VATAN SHOP,皮带,,,products_sales_us.csv,60.0,65.8,50.0,20.0,60.0,60.0,64.1,49.5,54.2,
24,"5 Pairs Y2K Street Style Women's Plastic, Trendy Casual Leopard Pattern Sunglasses, Fashionable Sunglasses, Trendy Shades, Trendy Fashion Shades, Perfect for Beach Vacations, Driving and Night Out",4.0,7011.0,3.47,5.05,30.5,8.0,,Zoravia,太阳镜,,,products_sales_us.csv,60.0,70.0,40.0,20.0,60.0,60.0,67.0,47.0,54.0,
78,"【2026】 Rechargeable Mini Keychain Flashlight ,Super Bright,1200 Lumens EDC Mini Flashlights, COB Keychain Work Light Flashlights 6 Light Modes, Bright Mini Keychain Light for Walking, Searching ,camping and Hiking boyfriend、family best gift",,4101.0,5.01,2.64,29.73,12.0,,Beauty with Life,钥匙扣,,,products_sales_us.csv,60.0,59.9,60.0,20.0,60.0,60.0,59.9,52.0,54.0,
296,"Fashion Metal Frame Men‘s Sunglasses Case - Great for Cycling, UV protection, Driving, Fishing & Outdoors",,2105.0,8.57,2443.0,9.9,12.0,,LEATHEM,眼镜盒与配件,,,products_sales_us.csv,60.0,47.7,60.0,44.0,60.0,60.0,51.4,56.8,53.9,
90,2Pieces/Set 10mm Love Heart Shape Chain Necklace and Bracelet Men or Women Hip Hop Iced Out Bling Bling Chain Necklace and Bracelet Fashion Set Jewelry Valentines Gift,4.39,3932.0,2.47,1.85,12.88,8.0,,ZIDOM Hiphop Store,首饰套装,,,products_sales_us.csv,60.0,61.1,40.0,36.0,60.0,60.0,60.7,50.2,53.7,
208,Sister Keychains for 3 Sisters Gifts Big Sis Mid Sis Lil Sis Matching Heart Keychain Set Sister Jewelry Gifts,8.99,2548.0,3.23,5448.0,6.92,5.0,,Lyaney,钥匙扣,,,products_sales_us.csv,100.0,49.3,25.0,20.0,60.0,60.0,52.5,57.2,53.6,价格战红海
319,Wiggins Hair Human Hair Wig for FIVE Stars Review And Sharing Videos Reward,9.99,1999.0,2.23,2.75,28.87,5.0,,Wiggins Hair,发带发箍,,,products_sales_us.csv,100.0,49.6,25.0,20.0,60.0,60.0,52.7,57.2,53.6,价格战红海
156,"KIMORN Women's Polarized Aviator Sunglasses - Tangle-Free Full Rim Metal Frame Glasses, UV400 Protection, Driving & Beach Use Accessories, Casual Frame Styles for Women, Accessories For Women, Glasses For Women",,2981.0,4.71,6932.0,10.4,15.0,,AE Glasses,太阳镜,,,products_sales_us.csv,60.0,50.9,75.0,20.0,60.0,60.0,53.6,55.8,53.5,
209,【TRENDY VIBES】MYIAUR Polarized Sunglasses for Women Big Style Gold-Plated Frame UV400 Protection Anti-Glare Fashion Accessory Christmas Gift Trendy Shades 2026,,2543.0,3.81,5.7,82.63,15.0,,Global EyeWear Selection,太阳镜,,,products_sales_us.csv,60.0,50.7,75.0,20.0,60.0,60.0,53.5,55.8,53.5,
376,"Fashion Men‘s Sunglasses Case - Great for Cycling, Motorcycle Riding, Fishing & outdoors",,1774.0,5.87,7018.0,24.24,12.0,,JUICY BONUS,眼镜盒与配件,,,products_sales_us.csv,60.0,46.5,60.0,44.0,60.0,60.0,50.5,56.8,53.5,
441,CORIIANA Curly Short Bob Glueless Wigs Human Hair Ready To Wear Deep Wave Human Hair Wig Wet An Wavy 6x4 HD Lace Closure Wigs For Black Women Pre Plucked Beginner Friendly 180%,,1580.0,9.75,2.41,141.61,5.0,,CORIIANA BEAUTY,真人发发块头套,,,products_sales_us.csv,60.0,47.8,25.0,76.0,60.0,60.0,51.5,54.5,53.5,
132,"Frodio Veralux™ Fiber Braided Top Water Wave Wig 13x6 Lace Front | Glueless, Wear & Go, Boho Braids Water Wave Wig – Premium Fiber, Beginner Friendly#SohoChic",,3215.0,25.2,2.66,220.94,5.0,,FRODIO,化纤前蕾丝头套,,,products_sales_us.csv,60.0,55.6,25.0,60.0,60.0,60.0,56.9,51.2,53.4,
222,Elastic Band for Hair Wig Edge 1PCS Lace Melting Band for Wigs and Baby Hair Fluffy Eyelash for Hair Wig 6PCS Amanda Hair,19.99,2481.0,5.44,1.59,23.04,3.0,,amandahair,头绳,,,products_sales_us.csv,100.0,54.0,15.0,20.0,60.0,60.0,55.8,54.8,53.4,价格战红海
246,Glueless Headband Wig 26 Inch Long Black Body Wave Headband Wigs for Black Women Synthetic Natural Looking Wavy Wig Heat Resistant 180% Density,,2331.0,5.93,5705.0,14.43,11.0,,Mairedhair,化纤全机制头套,,,products_sales_us.csv,60.0,48.5,55.0,44.0,60.0,60.0,52.0,55.5,53.4,
263,"Unisex Tiger Eye & Green Aventurine Beaded Crystal Bracelet - Adjustable Size (5.9-7.87in) Accessories for Adults, Abundance & Prosperity, Wealth-Attracting Anniversary Costume Jewelry",,2243.0,2.51,2.93,31.49,15.0,,Arpurraina Shop,手环与手链,,,products_sales_us.csv,60.0,50.6,75.0,20.0,60.0,60.0,53.4,55.8,53.4,
289,【SummerVibes】SUNGAIT Men's Military Polarized Aviator Sunglasses UV400 Protection Unisex HD Lens Bayonet Temples for Outdoor Activities Mirrored Shades Anti Uv,,2135.0,3.97,2.62,45.87,15.0,,SUNGAIT,太阳镜,,,products_sales_us.csv,60.0,50.4,75.0,20.0,60.0,60.0,53.3,55.8,53.4,
67,"HAILTH Pro Elastic No Buckle Invisible Belt for Men and Women(2 Pack) - Multiple Color & Fit Options, Patented Buckle-Free Design, Gift Box Included - for Summer Vibes, Outdoor Fun,summerwins tiktokshopbacktoschool",,4428.0,5.59,8.67,111.75,12.0,,HAILTH,皮带,,,products_sales_us.csv,60.0,57.8,60.0,20.0,60.0,60.0,58.5,52.0,53.3,
163,Lush Haute Headband Deep Wave Synthetic Wig 24 Inches Deep Wave Wigs for Women Glueless None Lace Wig with Headband Attached Synthetic Wigs,,2902.0,8.43,9348.0,26.81,10.0,,Lush Haute,化纤全机制头套,,,products_sales_us.csv,60.0,50.6,50.0,44.0,60.0,60.0,53.4,54.3,53.3,
238,Lush Haute New Afro V Part with Curly in the End Wig Kinky Synthetic Hair Texture with Unique Bouncy Curls in the End 20 Inch Soft Curly Full Hair V Part Wigs Synthetic for Women No Leave out Clip in Half Wig,,2395.0,8.9,3.65,149.63,10.0,,Lush Haute,化纤全机制头套,,,products_sales_us.csv,60.0,50.8,50.0,44.0,60.0,60.0,53.6,54.3,53.3,
89,"Crystal Beaded Bracelets for Women and Men - Tiger Eye, Obsidian, Black Tourmaline Jewelry for Banquet Party - Money Attraction, Good Luck, Protection Bracelet Encouragement Gift for Her couple bracelet Daily Wear backtoschool",,3935.0,2.96,8265.0,7.57,13.0,,Charmed Matrix,手环与手链,,,products_sales_us.csv,60.0,54.4,65.0,20.0,60.0,60.0,56.1,53.2,53.1,
203,"EUNOIALENS Women's Fit Over Square Frame Sunglasses - Oversized Polarized Lenses, UV400 Protection, T-Zone Temples, Wrap-Around Design, for Casual Driving & Daily Wear, Stylish Women's Gift Accessory, Sunglasses For Women",,2606.0,4.0,3221.0,4.96,15.0,,DS high quality goods,太阳镜,,,products_sales_us.csv,60.0,49.5,75.0,20.0,60.0,60.0,52.7,55.8,53.1,
445,"14K Laminated Heart Necklace for Women, 2mm Gold Chain, Elegant Heart Pendant, Gift for Mom & Her",,1562.0,2.4,3126.0,4.67,16.5,,BRILLO ETERNO,项链,,,products_sales_us.csv,60.0,45.7,82.5,20.0,60.0,60.0,50.0,57.6,53.1,
58,Tewiky (K) 14K Gold Plated Jewelry Exclusive K,1.0,4532.0,4532.0,7871.0,7871.0,,,Tewiky,项链,,,products_sales_us.csv,60.0,56.6,60.0,20.0,60.0,60.0,57.6,52.0,53.0,
292,High Heels Rhinestone Tassel Keychain - Pink Glitter Shoe Charm with Gold Tone Hardware,,2119.0,4.92,8241.0,14.48,15.5,,MYS Scents,钥匙扣,,,products_sales_us.csv,60.0,47.8,77.5,20.0,60.0,60.0,51.4,56.4,53.0,
280,Blissy Silk Bonnet – 100% Mulberry Silk – Anti-Frizz Hair Protection – Extends Blowouts,68.36,2182.0,11.52,4.11,255.89,20.0,,BlissyBrand,头绳,,,products_sales_us.csv,40.0,49.7,100.0,20.0,60.0,60.0,52.8,55.0,52.9,
327,"Fintie Unisex Vegan PU Leather Eyeglasses Holder Stand - Plush Lining, Magnetic Base, Durable Portable Glasses Storage, Ideal for Bathroom Use, Anniversary/Christmas/Birthday Gift Eyewear Accessory, Computer Desk, Anniversary Gift, Quirky Gifts",,1966.0,2.49,3.43,42.45,10.0,,Fintie LLC,眼镜盒与配件,,,products_sales_us.csv,60.0,49.0,50.0,44.0,60.0,60.0,52.3,54.3,52.8,
362,"To My Son Infinity Knot Bracelet, Forever Linked Together Leather & Stainless Steel Engraved Jewelry from Mom for Birthday Christmas",12.99,1823.0,2.32,3649.0,4.46,5.0,,Lyaney,手环与手链,,,products_sales_us.csv,100.0,46.7,25.0,20.0,60.0,60.0,50.7,57.2,52.8,价格战红海
55,"Fashion Metal Square Frame Flat Lens Outdoor Versatile Anti-Blue Light Trendy Casual Glasses, Square Frame Eyewear, Square Frames Eyeglasses, Casual Style, All Seasons, Plain Pattern",2.71,4599.0,1.53,1.64,8.97,8.0,,Zanobia,镜框与镜片,,,products_sales_us.csv,60.0,65.6,40.0,20.0,60.0,60.0,63.9,47.0,52.7,
276,〖Summer Vibes〗1/2 PCS Retro Oversized Aviator Sunglasses for Women Men 70s Style UV400 Protection Luxury Thick Frame Fashion Shades,,2194.0,2.81,4674.0,6.24,15.0,,TS Fashion Boutique,太阳镜,,,products_sales_us.csv,60.0,48.0,75.0,20.0,60.0,60.0,51.6,55.8,52.7,
199,"Tewiky Men's 2-Piece 3mm Layered Cuban Link & Rope Chain Necklaces Set, 18-28in Silver Trendy Summer Vibes Jewelry, 2 piece sets for Boyfriend Anniversary & Birthday Gifting, Gifts For Boyfriend, Birthday Gifts For Bf, Stylish Accessories, Guys Gifts, Uni",,2617.0,4.57,2.54,40.96,13.0,,Tewiky official,项链,,,products_sales_us.csv,60.0,52.8,65.0,20.0,60.0,60.0,55.0,53.2,52.6,
374,Retro Oversized Aviator Sunglasses for Women Men 70s Style UV400 Protection Luxury Thick Frame Fashion Shades#SummerVibes,,1780.0,2.04,4.41,134.35,15.0,,A.June's Shop,太阳镜,,,products_sales_us.csv,60.0,47.8,75.0,20.0,60.0,60.0,51.4,55.8,52.6,
406,"Cross Necklace for Men, Layered Mens Cross Necklaces Stainless Steel Cross Pendant Cuban Link Rope Chain",,1680.0,2.96,9556.0,15.82,12.5,,Bijou B1iss,首饰套装,,,products_sales_us.csv,60.0,46.2,62.5,36.0,60.0,60.0,50.3,55.8,52.6,
47,20G(0.8mm)/18G(1.0mm) 8mm Horseshoe Nose Hoop Internally Threaded Gems Nose Ring with Free Ball Holder | Caution: Avoid Overtightening; Pre-Tighten with Provided Tool then Complete Tightening by Hand,,4939.0,5.21,9.36,133.5,10.0,,Neeyer Beauty USA,身体饰品,,,products_sales_us.csv,60.0,59.7,50.0,20.0,60.0,60.0,59.8,49.5,52.4,
284,"Sohochic Women's 20in Clip-in Synthetic Artificial Hair Extensions, 4PCS Thick Double Weft Hairpieces with Styling Clips, S-Blonde Brown Mix Wine Red S-Dark Brown Long Volume Wavy/Straight Daily Use Fashion Accessory",27.43,2160.0,7.61,5285.0,19.02,,,WIG QUEEN,发夹发簪,,,products_sales_us.csv,70.0,47.9,60.0,20.0,60.0,60.0,51.5,55.5,52.4,
416,Rainbow-Daily New Arrivals |Acrylic Bead Mix for DIY Craft Beadable Pen Bracelets Phone Charms Necklaces Versatile Use,,1653.0,4.57,1993.0,5.62,15.5,,RainbowDIYbead,手环与手链,,,products_sales_us.csv,60.0,46.1,77.5,20.0,60.0,60.0,50.2,56.4,52.4,
91,"Minimalist Mini Pouch Keychain Accessory - Cool Key Organizer for Storing Earbuds & Small Gadgets, Ideal Back to School Haul Gifts for Graduation, Party Favors & School Rewards, Cool Keychains, Unisex",1.0,3916.0,1.53,4356.0,1.64,12.0,,Gubercen,钥匙扣,,,products_sales_us.csv,60.0,54.4,60.0,20.0,60.0,60.0,56.0,52.0,52.3,
75,[Can be trimmed] Mens Belt Leather Ratchet Easy Release Belt For Men Designer Belt Dress and Casual with Adjustable Buckle for Men's Wear Gift/ fathersdaygift/ accessories men/business belt no hole Durable Belts Western Belts,,4227.0,5.42,3.76,71.31,10.0,,FortuneAdorn,皮带,,,products_sales_us.csv,60.0,59.0,50.0,20.0,60.0,60.0,59.3,49.5,52.2,
140,Clip in Curly Hair Extensions 4PCS Long Wavy Synthetic Thick Hairpieces with Fiber Double Weft for Women Hair Full Head,,3170.0,3.8,2.01,27.49,11.0,,YeseGohair,化纤接发&发片,,,products_sales_us.csv,60.0,56.5,55.0,20.0,60.0,60.0,57.6,50.8,52.2,
240,rosted Drawstring Bag Travel Drawstring Packing Bag Waterproof Packing Bag,19.99,2385.0,6.3,1.23,62.43,1.0,,KooKaStyle,发带发箍,,,products_sales_us.csv,100.0,54.8,5.0,20.0,60.0,60.0,56.4,52.2,52.2,价格战红海
291,"OUFER 20G ASTM F136 Titanium Threadless Push Pin Flat Back Nostril Nose Ring - 7mm Bar Heart-Star, Flat Pierced Threadless Non Tarnish Dainty CZ Body Jewelry for Women’s Helix Lobe Piercings, Flat Pierced Jewelry, Threadless Jewelry in Silver/Gold/Black",,2127.0,3.2,8016.0,11.39,14.5,,Oufer Body Jewelry Studio,身体饰品,,,products_sales_us.csv,60.0,47.8,72.5,20.0,60.0,60.0,51.5,55.1,52.2,
28,"Women's Peacock Print Cape Shawl & Scarf Set, Elegant Beach Cover-Up For Holiday Vacation, Swimsuit Cover Up",,6246.0,6.05,23.01,276.91,8.0,,IROJEFF,围巾&围脖,,,products_sales_us.csv,60.0,63.7,40.0,20.0,60.0,60.0,62.6,47.0,52.1,
210,PALESHY Polarized Photochromic HD Sunglasses for Men Women UV400 Protection Ultralight Eyewear Day Night Safety Glasses for Fishing Golf Outdoor Activities Classic Rectangular Design,,2539.0,2.94,4.39,51.03,13.0,,HEIDI GLASSES,太阳镜,,,products_sales_us.csv,60.0,51.1,65.0,20.0,60.0,60.0,53.8,53.2,52.1,
408,"ZHESHY Dainty Flower Necklace 14K Gold Plated Flower Collarbone Chain Women's Cute Simulated Diamond Necklace Personalized Fashion Gold Jewelry Gifts for Teen Girls, Mothers and Girlfriends",,1678.0,1.91,4125.0,4.5,15.0,,ZHESHY,项链,,,products_sales_us.csv,60.0,46.1,75.0,20.0,60.0,60.0,50.3,55.8,52.1,
113,"EyeconicFinds Women's Oversized Polarized Sunglasses - Large Frames, UV400 Protection, Lightweight, Trendy, Anti-Glare Frames, Beachwear, Accessories for Women, Suitable for Large Faces, Ideal for Driving, B0250, Over-Glasses Frames",,3466.0,3.86,1.95,19.36,10.0,,EyeconicFinds,镜框与镜片,,,products_sales_us.csv,60.0,58.3,50.0,20.0,60.0,60.0,58.8,49.5,52.0,
390,"Unisex Modern Leather Eyeglasses Case - Lightweight Soft Zippered Pouch with Belt Loop Clip, Portable Sunglasses Organizer for Adults, Men's Accessories, Youth, Teenager, Travel, Camping",,1730.0,1.48,1731.0,1.48,10.0,,Xuudoo,眼镜盒与配件,,,products_sales_us.csv,60.0,46.3,50.0,44.0,60.0,60.0,50.4,54.3,52.0,
449,"Frameless Glasses with Blue Light Blocking - HD Clear Lenses & Sparkling Diamond-Cut Edges, Fashion Metal Temples for Women Men, Computer Gaming Readers, Daily Street Style Eyewear",,1558.0,2.03,9790.0,12.86,15.0,,StarH,镜框与镜片,,,products_sales_us.csv,60.0,45.7,75.0,20.0,60.0,60.0,50.0,55.8,52.0,
468,"EC 50g Fluffy Hair Topper for Women with Thinning Hair | 14in Free Parting Straight Natural-Looking Hairpiece with 3 Anti-Slip Clips | Hand-Knotted Breathable Lace Base | Full Crown Coverage, Gray Root Coverage & Instant Volume",,1510.0,4.71,1590.0,5.01,15.0,,EC Wigs Shop,化纤接发&发片,,,products_sales_us.csv,60.0,45.5,75.0,20.0,60.0,60.0,49.9,55.8,51.9,
124,"Men's New Full Frame Square Glasses, Retro Dual Bridge Design, Imitation Wood Texture Temples, Metal Frame, Classic Fashion Decorative Eyewear, Trendy Vintage Eyeglasses, Square Frames Eyeglasses, Fashionable Frames Glasses, Stylish Trendy Eyewear",2.5,3360.0,9137.75,1.03,3.05,8.0,,GM Glaases,太阳镜,,,products_sales_us.csv,60.0,62.5,40.0,20.0,60.0,60.0,61.8,47.0,51.8,
174,"Women's Yaki Straight Layered U Part Wig, Glueless Clip-In Half Wig, Convenient Wigs, Realistic Natural Look, Heat-Resistant Synthetic Hair, Synthetic Material Wigs",,2825.0,6.0,5599.0,10.47,8.0,,Fancee Hair,化纤全机制头套,,,products_sales_us.csv,60.0,50.4,40.0,44.0,60.0,60.0,53.2,51.8,51.7,
33,"U Shape Hair Finishing Fixer Comb, 3 Pieces Bobby Bangs Holder Styling Tool Stretchable Hair Pin U Shape Wavy Comb Clips Spring Headband Circle Styling Black Pins Bun Hairpins for Women Girl",,5882.0,4.43,6169.0,4.64,8.0,,Findry,发夹发簪,,,products_sales_us.csv,60.0,61.6,40.0,20.0,60.0,60.0,61.1,47.0,51.5,
107,"【Flash Sale】Men's Cowhide Elastic Adjustable Waist Leather Belt, Modern Easy-Release Ratchet Buckle, Elegant Design for Dress & Casual Wear, Men's Accessories, Gifts for Boyfriend, Gift Box Included, Leather Belts, Adjustable Waist Belt,summerwins summerw",,3547.0,4.25,3.07,45.79,10.0,,VATAN SHOP,皮带,,,products_sales_us.csv,60.0,56.6,50.0,20.0,60.0,60.0,57.6,49.5,51.5,
114,"Women's Colorblock Print Long Relaxed Fit Scarf-Poncho Set, Soft Comfortable Casual Shawl, Beach Outdoor Wear Sunproof Swimwear Coverup, All-Seasons Fashion Accessory for Spring Style Upgrade",,3462.0,2.97,1.22,10.47,8.0,,Morning Glory,围巾&围脖,,,products_sales_us.csv,60.0,61.6,40.0,20.0,60.0,60.0,61.1,47.0,51.5,
308,TEWIKY Ankle Bracelets For Women Waterproof Chunky Cuban Link Chain Trendy Large Layer Anklet Set Jewelry Gift for fashion For Summer Jewellery dealsforyoudays Jewlery anklet For Valentine's Day gifts,,2045.0,2.75,1.54,20.38,12.0,,Tewiky,脚链,,,products_sales_us.csv,60.0,51.6,60.0,20.0,60.0,60.0,54.2,52.0,51.5,
315,Tahikie Burmese Curly 7x6 HD Lace Pre Plucked Glueless 99J Burgundy Deep/Kinky Curly / Deep Wave / Body Wave / Water Wave Human Hair Wigs Upgrade With Drawstring Cap One-Step Invisible Hairline For Women #tiktokshopmemorial#TikTokShopBackToSchool#SohoChic,,2017.0,19.41,1.79,163.73,1.0,,Tahikie,真人发发块头套,,,products_sales_us.csv,60.0,50.9,5.0,76.0,60.0,60.0,53.6,49.5,51.4,
364,"goodr Amelia Earhart Ghosted Me Large Size (Mach G) Translucent Brown Frame with Brown Lens, UV400, No Slip No Bounce No Tangle",30.0,1816.0,6.81,1.9,68.9,10.0,,goodr,太阳镜,,,products_sales_us.csv,70.0,49.6,50.0,20.0,60.0,60.0,52.7,53.0,51.4,
155,"Women's Compact Preppy Look PU Leather Lip Balm Holder Keychain - Heart Design Keychain with Heart Mirror, Portable Lipstick Case Bag Charm, Mini Gifts for Teen Girls, Keychains For Women",2.0,2984.0,6022.0,2997.0,6047.87,12.0,,Gubercen,钥匙扣,,,products_sales_us.csv,60.0,50.9,60.0,20.0,60.0,60.0,53.7,52.0,51.3,
340,"Unisex 2026 Tactical Metal Hook Waist Band - Invisible Buckle Low Profile Elastic Fabric Belt, Soft Adjustable Side, Men's Adjustable Band, Men's Accessories, Accessories Adults, Adjustable Band Men's Belts",8.7,1893.0,2.03,2678.0,2.87,3.0,,Novira,皮带,,,products_sales_us.csv,100.0,46.9,15.0,20.0,60.0,60.0,50.9,54.8,51.3,价格战红海
204,"Reusable Fine Mesh Wig Dustproof Cover - Breathable Dustproof, Lint-Blocking, Anti-Fouling Wig Accessory for Storage, Travel Use, Blocks Lint",30.0,2589.0,8.31,5013.0,16.21,5.0,,WIG QUEEN,接发与假发配件,,,products_sales_us.csv,70.0,49.5,25.0,44.0,60.0,60.0,52.6,51.5,51.2,
254,Mamushow Hair Customer Wig Pro card,99.0,2292.0,24.91,2.26,245.54,1.0,,Mamushow Hair Fashion,化纤装扮头套,,,products_sales_us.csv,40.0,51.6,5.0,100.0,60.0,60.0,54.1,47.2,51.2,
386,"Full Shine Butterfly Weft Hair Extensions Real Human Hair Hole Weft Invisible Genius Weft #TikTokShopDealsforYouDays #SummerWins #SummerVibes,summerwins, Human Hair Bundles, Extensions Hair",28.7,1741.0,5.73,6973.0,26.45,11.0,,FullShineHair Store,真人发接发&发片,,,products_sales_us.csv,70.0,46.4,55.0,20.0,60.0,60.0,50.5,54.2,51.2,
112,"Mother's Day Gift Women's Fashion Jewelry Set, Fashionable Jewelry, Heart Key Butterfly Design Rings, Dainty Stacking Rings, Stackable Rings, Adjustable Rings, Interlocked Stackable Rings, Beautiful Rings, Perfect Gift for Women &",1.5,3467.0,5585.19,1.4,2.85,8.0,,XUYU Jewelry,戒指,,,products_sales_us.csv,60.0,60.4,40.0,20.0,60.0,60.0,60.3,47.0,51.1,
186,"New 2026 Ramiss Burmese Curly Crochet Human Hair for Mircale Knots Boho Braids 4-5 Packs for Full Head, Pre-Separated 60g/Pack Time-Saving, 50 Strands/Pack Water Wave Machine Made Feather Crochet Human Hair Extension Pre Looped#SummerWins #DealsForYouDays",35.5,2744.0,11.0,1.01,45.61,6.0,,Ramiss Hair,真人发接发&发片,,,products_sales_us.csv,70.0,58.6,30.0,20.0,60.0,60.0,59.0,48.0,51.1,
338,13*4 Lace Front Wig 26'' Ombre Blonde Layered Wave Synthetic Glueless Lace Wig Long Wavy Hair with Baby Hair Pre Pluck Ombre Wigs for Women Natural Daily Use,,1897.0,9.33,1.03,48.73,3.0,,NAYASA Hair,化纤前蕾丝头套,,,products_sales_us.csv,60.0,52.7,15.0,60.0,60.0,60.0,54.9,48.8,51.1,
98,Turandoss Tiny Initial Necklaces for Women Golden Heart Letter A-Z Necklace Dainty Heart Name Necklace Personalized Initial Tag Pendant Birthday Gifts Anniversary Gifts Jewelry for Women Girls Mother's Day Gift summerwins,,3750.0,6.04,8.32,131.31,10.0,,Turandoss-Jewelry,项链,,,products_sales_us.csv,60.0,55.1,50.0,20.0,60.0,60.0,56.6,49.5,51.0,
154,"ZENOTTIC Daily Retro Sunglasses, High Quality Thick Full Rim Frame with Anti-Glare TAC Lenses UV400 Protection, Summer Outifit, Travel Essentials, Summer Wins",,2987.0,5.57,2.44,43.39,10.0,,ZENOTTIC,太阳镜,,,products_sales_us.csv,60.0,54.8,50.0,20.0,60.0,60.0,56.3,49.5,50.9,
261,"GANIA Gold-Tone & Silver-Tone Hoop Earrings for Women – Brass Base, Lightweight Multi-Size Hoops Set (30/40/50/60mm), Daily Jewelry Gift for Girlfriend Wife Mom",,2246.0,3.37,1.1,15.8,10.0,,GANIA,耳环,,,products_sales_us.csv,60.0,54.6,50.0,20.0,60.0,60.0,56.2,49.5,50.9,
42,"Geometric Acrylic Beaded Choker Necklace, Boho Style Heart Pendant, Lockbone Chain for Women, Summer Beach Wear",,5236.0,4.18,6791.0,5.11,8.0,,Sophisticated Chains,项链,,,products_sales_us.csv,60.0,59.2,40.0,20.0,60.0,60.0,59.4,47.0,50.8,
307,GWZHL-Gift Internet Celebrity Cute Keychain Blind Bag Cartoon Resin Cute Packaging Pendant Kindergarten children's Gift Stall Prize,0.99,2052.0,2242.2,6526.0,7093.08,5.0,,RegalRegal,首饰吊件及装饰,,,products_sales_us.csv,35.0,47.5,25.0,92.0,60.0,60.0,51.3,48.9,50.8,
350,"Unisex Pebbled Pattern Roller Belt, Colorful Crosses Detail, Retro Vine Style Buckle, Fashion Clothes Accessory for Youth, Belts",,1855.0,3.55,3083.0,5.74,13.0,,Thrivedina,皮带,,,products_sales_us.csv,60.0,46.8,65.0,20.0,60.0,60.0,50.8,53.2,50.8,
242,"Gothic Charm Bracelet for Women, Vintage Witchcraft Aesthetic Jewelry with Celestial Moon & Pentagram Charms, Adjustable 2-in-1 Casual Anklet Chain, Jewelry For Women, Gothic Style, Anklets For Women",,2378.0,1.74,3491.0,2.9,12.0,,Stella Silver,手环与手链,,,products_sales_us.csv,60.0,48.7,60.0,20.0,60.0,60.0,52.1,52.0,50.6,
314,"MILACOLATO Cubic Zirconia Stud Earrings Hypoallergenic 925 Sterling Silver Post Earrings Big Brilliant Stud Earrings for Women Men, Men's Accessories, Gifts For Boyfriend",,2019.0,2.35,5.09,57.47,12.0,,MILACOLATO OFFICIAL,耳环,,,products_sales_us.csv,60.0,48.6,60.0,20.0,60.0,60.0,52.0,52.0,50.6,
459,Dearmay 5 Pairs Hoop Earring Sets for Women 14K Gold Plated Earring Stacks Small Earrings Hypoallergenic Waterproof Multiple Cartilage Earring Jewelry Gifts for Girls,,1535.0,2.21,1.71,23.75,12.0,,Dearmay,耳环,,,products_sales_us.csv,60.0,48.4,60.0,20.0,60.0,60.0,51.9,52.0,50.5,
147,"New Fashion Retro Square Frame Glasses, High Quality Versatile Trendy Casual Eyeglasses for Daily Wear, Trendy Vintage Eyewear for Men & Women, Stylish Square Frames, Fashionable Frames Glasses",2.6,3103.0,8795.08,1.45,5.08,8.0,,Oticala,太阳镜,,,products_sales_us.csv,60.0,58.1,40.0,20.0,60.0,60.0,58.6,47.0,50.4,
184,EOM 14K Gold Plated Moissanite Waterproof Hip Hop Unisex Chained Ring Silver-Plated Jewelry Perfect Birthday Engagement Wedding Anniversary Gift for Men Women,,2755.0,3.69,1.09,14.73,8.0,,EOM.Jewelry,戒指,,,products_sales_us.csv,60.0,58.0,40.0,20.0,60.0,60.0,58.6,47.0,50.4,
223,Onetide Hair Glueless Wigs Human Hair Short Afro Kinky Curly Wigs For Women Human Hair Put on & go Hair Strong Fluffy and Long－Lasting Glueless Wigs 80s 90s Hair Kinky Curly Wig Cosplay or Daily Use Wigs High Density Work Wig Vietnamese Human Hair,,2480.0,5.51,1.96,40.59,10.0,,ONETIDE Hair Store,真人发全机制头套,,,products_sales_us.csv,60.0,53.0,50.0,20.0,60.0,60.0,55.1,49.5,50.4,
237,"Handmade Crocheted Yarn Flower Bouquet with Pink Wrapping - Artificial Knitted Rose Arrangement, Long-Lasting Home Decor, Ideal Gift for Women, Carefully Packaged, Promptly Shipped, Customer Service Support (Contact Customer Service for Queries)",16.0,2399.0,41.89,2769.0,49.29,1.0,,peaouter,脚链,,,products_sales_us.csv,100.0,48.8,5.0,20.0,60.0,60.0,52.2,52.2,50.4,价格战红海
248,JASGOOD Women Wide Chunky Belt for Dresses Fashion Thick Suede Belt with Gold Buckle,,2324.0,5.72,1.58,37.14,10.0,,JASGOOD,皮带,,,products_sales_us.csv,60.0,53.1,50.0,20.0,60.0,60.0,55.2,49.5,50.4,
5,"Kimorn Fashion Glasses for Women, High Quality Lightweight Square Frames with Blue Light Blocking & UV400 Protection, Gifts for Women, High Quality Eyewear, Accessories For Women",,1.12,17.2,4.25,58.74,15.0,,AE Glasses,镜框与镜片,,,products_sales_us.csv,60.0,40.0,75.0,20.0,60.0,60.0,46.0,55.8,50.3,
193,"Men's Stainless Steel Fashion Jewelry Set, Casual Punk Cross Pendant Necklace Chain Bracelet Ring Set, Geometric Pattern, All Seasons Gift, Necklace and Bracelet Set",,2681.0,2.89,6062.0,5.53,8.0,,Fashion New Jewelry,首饰套装,,,products_sales_us.csv,60.0,49.8,40.0,36.0,60.0,60.0,52.9,50.2,50.3,
366,Full Shine Tape in Hair Extensions Natural Straight Real Human Hair 20 Pcs 50 Gram for Beauty Women Seamless Hair Double Sided for Skin Weft Tape in Hair Length And Volume Natural Long Hair Look Realistic Hairpiece #sohochic #TikTokShopBackToSchool,,1808.0,3.46,5.06,189.85,12.0,,FullShineHair,真人发接发&发片,,,products_sales_us.csv,60.0,47.7,60.0,20.0,60.0,60.0,51.4,52.0,50.3,
159,"GANIA Art-designed personalized name letter necklace, free of allergenic ingredients, with adjustable size. It is an excellent Valentine's Day gift for women and girls.",,2936.0,4.32,6.08,72.67,10.0,,GANIA,项链,,,products_sales_us.csv,60.0,52.3,50.0,20.0,60.0,60.0,54.6,49.5,50.2,
120,"New 2026 Ramiss Burmese Curly Crochet Human Hair Pre-Separated 50g/Pack Time-Saving, 40 Strands/Pack Mircale Knots Hot braids,4-5 Packs for Full Head Protective Styles Light Weight No Tension Reusable Feather Crochet Extension #SummerWins #DealsForYouDays",,3381.0,13.79,1.11,48.22,6.0,,Ramiss Hair,真人发接发&发片,,,products_sales_us.csv,60.0,61.9,30.0,20.0,60.0,60.0,61.3,44.5,50.1,
337,"Seagull MINE! Button Keychain-Real Sound & LED Light, Funny Interactive Gift for Friends & Family campingessentials",,1904.0,2.82,6950.0,10.61,12.0,,HappyNest Mart,钥匙扣,,,products_sales_us.csv,60.0,47.0,60.0,20.0,60.0,60.0,50.9,52.0,50.1,
463,"VORTENEA Satin-Lined Skull Cap with Embroidered Cross - Machine Washable, Prevents Frizz, Retains Moisture, Comfortable Fit",,1520.0,4.13,7574.0,19.65,12.5,,Vortenea,帽子,,,products_sales_us.csv,60.0,45.6,62.5,20.0,60.0,60.0,49.9,52.6,50.0,
100,"Women's Multi-Color Sports Training Headbands, Workout Headbands, Gym Headband, Elastic Sweat-Absorbing Hair Bands, Yoga Running Exercise Fashion Accessories, Sweat-Wicking Headband for All Seasons, Elastic Sweatband Headband, Stretchy Headbands",2.0,3695.0,7569.54,4.34,18.35,8.0,,Shenzhen Songlin,头绳,,,products_sales_us.csv,60.0,56.2,40.0,20.0,60.0,60.0,57.3,47.0,49.9,
176,JBEXTENSION No-bend Hair Clips No-crease Hair Clips Styling Duck Bill Clips No-dent Alligator Hair Barrettes for Salon Hairstyle Hairdressing Bangs Waves Women Girl Makeup Application 1 Pcs,4.49,2813.0,1.84,7.66,37.69,10.0,,Jbextension.usa,发夹发簪,,,products_sales_us.csv,60.0,51.5,50.0,20.0,60.0,60.0,54.0,49.5,49.9,
417,"Tewiky Easter Gifts Upgraded Crown Cross Necklace for Women, Crown Cross Pendant Necklace, Non-Tarnish Faith Jewelry for Women, Christian Religious Gifts for Her",,1651.0,1.89,14.96,195.69,12.0,,Tewiky,项链,,,products_sales_us.csv,60.0,46.4,60.0,20.0,60.0,60.0,50.5,52.0,49.9,
415,Full Shine Seamless Clip In Human Hair Extension Straight Hair 120g 8 Pcs Easy to Apply Natural Straight Remy glueless Hairpiece #sohochic #TikTokShopBackToSchool,,1654.0,7.8,2.04,144.64,11.0,,FullShineHair,真人发接发&发片,,,products_sales_us.csv,60.0,48.6,55.0,20.0,60.0,60.0,52.0,50.8,49.8,
157,"2026 Unisex Large-Frame Fashion Glasses, Trendy Square Sunglasses, Square Framed Sunglasses, Trendy Beach Eyewear, Retro Design for Daily Wear, Photography, Travel, Beach, All Seasons, Vintage Trendy Sunglasses",2.86,2973.0,8902.13,2.0,7.56,8.0,,Bigger glasses,太阳镜,,,products_sales_us.csv,60.0,55.5,40.0,20.0,60.0,60.0,56.9,47.0,49.7,
347,"Tasiso Women's Dainty Gold Cross Necklace - 15""+2"" Extension Chain, Hypoallergenic, Eco-Friendly Gold Jewelry, Exquisite Chic Cute Accessories for Women, Mother's Day Gift for Mom",,1864.0,2.63,1.5,16.95,10.0,,Tasiso,项链,,,products_sales_us.csv,60.0,50.7,50.0,20.0,60.0,60.0,53.5,49.5,49.7,
447,"2025 Trendy Self-Adhesive Stud Stickers – Faux Piercing for Ears, Nose, Lips & Brows!",,1560.0,1.39,9245.0,7.28,12.0,,xoriginal,身体饰品,,,products_sales_us.csv,60.0,45.7,60.0,20.0,60.0,60.0,50.0,52.0,49.7,
454,"Holylegend 14K Real Gold-Plated Milano Rope Chain Necklace for Men, Affordable Trendy Gold Plated Necklace with Multi-Angle Reflective Shine, Gift for Fashion Lovers,Father's Day Gift",,1546.0,4.22,7505.0,19.64,12.0,,Holylegend Jewelry USA,项链,,,products_sales_us.csv,60.0,45.7,60.0,20.0,60.0,60.0,50.0,52.0,49.7,
464,"18G Stainless Steel Nose Ring, 8mm Horseshoe Hoop with 3mm Cubic Zirconia, Threaded Nose Piercing for Women, Ball Holder Included - Casual Everyday Wear, Womens Gifts, Threaded Fit, Female, Ball Holder Accessory, Free Auxiliary Tool Ball Holder",,1517.0,1.51,8753.0,8.47,12.0,,MULKUL Fashion,身体饰品,,,products_sales_us.csv,60.0,45.6,60.0,20.0,60.0,60.0,49.9,52.0,49.7,
173,"Punk Rhinestone Vintage Fashion Glasses for Men Women, Metal Hinge Eyeglasses, Boho Decorative Lens Eyeglasses",2.57,2832.0,7765.89,1.83,5.55,8.0,,APAIRCIRCLE MALL,太阳镜,,,products_sales_us.csv,60.0,55.2,40.0,20.0,60.0,60.0,56.7,47.0,49.6,
179,"Nestoniyun Unisex Beer Lover Trucker Hat - Cotton-Polyester Trucker Style Snapback, Adjustable Mesh Dad Hat, Funny Gifts Accessories for Enthusiasts, Ideal for Parties, Barbecues, Snapback Trucker",,2807.0,2.87,2823.0,2.89,10.0,,Hat Time Machine-US,帽子,,,products_sales_us.csv,60.0,50.3,50.0,20.0,60.0,60.0,53.2,49.5,49.6,
235,"2pcs Women's New Fashion Belt, C-Shaped Alloy Buckle Design, Casual Thin Waistband, Skinny Belts, Casual Trendy Waistband, Suitable for Jeans, Suits, Dresses, Versatile Fashion Belt",3.3,2404.0,8615.46,1.17,7.49,8.0,,TOPMAGA,皮带,,,products_sales_us.csv,60.0,55.2,40.0,20.0,60.0,60.0,56.7,47.0,49.6,
288,"PANEWAY 16 Inch Curly Wavy Hair Topper for Women – Lightweight Clip-In Hair Topper, Natural Scalp Appearance, Seamless Coverage, Instant Volume for Thinning Hair",,2138.0,9.54,1.38,64.29,9.0,,Paneway,化纤接发&发片,,,products_sales_us.csv,60.0,52.7,45.0,20.0,60.0,60.0,54.9,48.2,49.6,
367,Full Shine Clip In Hair Extensions Real Human Hair 7 Pcs Natural Straight 10-28 Inch 100-220 Grams Easy Application for Women Hairpiece Silky Straight Remy Hair #sohochic #TikTokShopBackToSchool,,1801.0,6.82,4.15,258.74,11.0,,FullShineHair,真人发接发&发片,,,products_sales_us.csv,60.0,48.0,55.0,20.0,60.0,60.0,51.6,50.8,49.6,
477,"Holylegend 14K Real Gold-Plated Royal Monaco Cuban Necklace,Hypoallergenic Gold Plated Cuban Link Chain, Italian Jewelry for Men & Women, Gift for Fashion Lovers,Father's Day Gift",,1493.0,4.73,7221.0,24.4,12.0,,Holylegend Jewelry USA,项链,,,products_sales_us.csv,60.0,45.5,60.0,20.0,60.0,60.0,49.8,52.0,49.6,
81,"100pcs Ultimate Hair Tie Set, Super Elastic Ponytail Holders, Soft Rubber Hair Bands, Fun Fashion Accessories for Women, Perfect Gift, Fashionable Hair Accessories, Elastic Hair Ties",1.83,4050.0,7832.8,8852.0,1.76,8.0,,NanliAccessory,头绳,,,products_sales_us.csv,60.0,54.8,40.0,20.0,60.0,60.0,56.4,47.0,49.5,
68,"QVR 1Pcs Latch Hook Tool, Latch Hook Crochet Needle for Micro Braids, Hair Extension, Feather and Carpet",35.0,4416.0,16.99,3.12,98.63,3.0,,qvr hair,真人发接发&发片,,,products_sales_us.csv,70.0,60.6,15.0,20.0,60.0,60.0,60.4,44.2,49.4,
196,"Pancert Dainty Floral Choker Necklace, Gold-Plated with Sparkling CZ Charms, Trendy Feminine Accessories for Women, Ideal Womens Gifts, Trendy Charms Necklace, Sparkling Cz Necklace",,2647.0,4.18,6204.0,9.7,10.0,,pancert,项链,,,products_sales_us.csv,60.0,49.7,50.0,20.0,60.0,60.0,52.8,49.5,49.4,
332,YoungSee Nano Beads Hair Extensions Human Hair Silky Hair Extensions for Women Nano Link to Change Your Look #Summerwins #Dealforyourdays #SummerVibes Natural Looking Hair Summer braids half wig summer hair style glueless wig,,1935.0,6.09,6795.0,21.42,11.0,,YoungSee Hair,真人发接发&发片,,,products_sales_us.csv,60.0,47.1,55.0,20.0,60.0,60.0,51.0,50.8,49.4,
334,"Unisex Breathable Skull Cap - Bold Paisley Look, Biking Ready, Adjustable Tie-Back, Cool Helmet Liner, Gym Heat Control, Gym Sweatband Use, 2 Sizes (21.5""-23.5""/55-60cm,24.5""-25.5""/62-65cm), Hand Washable, Outdoor Headwear, Mens Hats, Adults' Accessories",,1921.0,2.24,5689.0,6.65,11.0,,Forugift,帽子,,,products_sales_us.csv,60.0,47.0,55.0,20.0,60.0,60.0,50.9,50.8,49.4,
427,JASGOOD Women Leather Belt for Jeans Pants Fashion Ladies Skinny Faux Leather Belt with Gold Buckle,,1626.0,2.74,1.37,26.26,10.0,,JASGOOD,皮带,,,products_sales_us.csv,60.0,49.7,50.0,20.0,60.0,60.0,52.8,49.5,49.4,
481,"Classic Style Reading Glasses for Men and Women, Lightweight Metal Frame, Ideal for Reading and Craft Work",12.89,1486.0,1.52,1488.0,1.52,1.0,,hat house shop,镜框与镜片,,,products_sales_us.csv,100.0,45.4,5.0,20.0,60.0,60.0,49.8,52.2,49.4,价格战红海
77,"Bling Hair Gifts 2 Pcs Wig Cap For Lace Front Wig, Invisible Stocking Caps Sheer Wig Cap, Transparent Wig Cap For Women",29.9,4164.0,13.65,7975.0,26.24,5.0,,Bling Hair Wigs Shop,发带发箍,,,products_sales_us.csv,70.0,55.3,25.0,20.0,60.0,60.0,56.7,46.8,49.3,
93,"Women's Non-Slip small banana hair clip Set of 4,minibanana clip， stylish hair clip，secure hold，Vintage Oval Leopard Print, Amber and, Secure Ponytail Holders, Boho Style, All Seasons",2.11,3887.0,1.14,9719.0,3.14,8.0,,A3 hair tie,发夹发簪,,,products_sales_us.csv,60.0,54.2,40.0,20.0,60.0,60.0,56.0,47.0,49.3,
97,"4 Pairs Multicolor Fashion Trendy Casual PC Frame Sunglasses, Dual Bridge Pilot Square Eyewear, Retro Hong Kong Style, Ideal for Daily Commute, Street Photography, Vacation Photoshoots and Dates",2.6,3810.0,1.5,7005.0,2.56,8.0,,ClearLen,太阳镜,,,products_sales_us.csv,60.0,54.0,40.0,20.0,60.0,60.0,55.8,47.0,49.2,
311,LaaVoo Micro Ring Hair Extensions Real Human Hair 14-28inch Micro Bead Hair Extensions 57 Grams Summer Outfit,,2035.0,6.16,3.94,119.95,10.0,,LaaVoohair,真人发接发&发片,,,products_sales_us.csv,60.0,49.1,50.0,20.0,60.0,60.0,52.3,49.5,49.2,
439,[Iridescent] Clip in Hair Extensions 24/20 Inch 4 PCS Synthetic Natural & Soft Hair & Blends Well Hair Extensions Long Wavy Hairpieces,,1590.0,3.56,1.55,32.44,10.0,,Iridescent,化纤接发&发片,,,products_sales_us.csv,60.0,49.0,50.0,20.0,60.0,60.0,52.3,49.5,49.2,
220,Amanda Hair Wig Cap For Lace Frontal Closure Wigs Soft Thin & Breathable Invisible Elastic Wig Cap 03 Haircare Heatless,39.99,2495.0,11.05,1.43,34.5,5.0,,amandahair,真人发接发&发片,,,products_sales_us.csv,70.0,54.6,25.0,20.0,60.0,60.0,56.2,46.8,49.1,
226,"Rotatable Anxiety Ring with Cz Gemstone, Unisex Stress Relief Fidget Toy, Perfect Wedding Promise Gift, Men and Women Jewelry",1.1,2472.0,4890.37,1.66,3.82,8.0,,Artisane Rings,戒指,,,products_sales_us.csv,60.0,53.7,40.0,20.0,60.0,60.0,55.6,47.0,49.1,
333,"17KM Gold Bracelets Jewelry for Women, Waterproof Beaded Strand Bead Ball Bracelet Stack, Adjustable Bracelet for Gifts, summerwins",,1931.0,2.78,3.95,54.02,10.0,,17KM,手环与手链,,,products_sales_us.csv,60.0,48.6,50.0,20.0,60.0,60.0,52.0,49.5,49.1,
221,Amanda Hair Wig Cap For Lace Frontal Closure Wigs Breathable Invisible Elastic Wig Cap 02 Soft Thin,25.8,2493.0,7.32,1.62,22.17,5.0,,amandahair,真人发接发&发片,,,products_sales_us.csv,70.0,53.9,25.0,20.0,60.0,60.0,55.8,46.8,48.9,
268,UNC Premium Trucker Snapback Hat,,2205.0,7.58,7267.0,26.11,10.0,,The Mad Hatter Company,帽子,,,products_sales_us.csv,60.0,48.1,50.0,20.0,60.0,60.0,51.7,49.5,48.9,
287,2pcs Titanium 18G/20G Horseshoe Nose Ring 7.5mm Inner Diameter Body Piercing Zircon 3mm Barbell Jewelry with Free Gem Picker Tool | Caution: Avoid Overtightening; Pre-Tighten with Provided Tool then Complete Tightening by Hand,,2139.0,2.98,9334.0,12.79,10.0,,Neeyer Beauty USA,身体饰品,,,products_sales_us.csv,60.0,47.8,50.0,20.0,60.0,60.0,51.5,49.5,48.9,
101,"Bling Hair Gifts BEAKEY Makeup Sponge, Latex-Free Beauty Sponge for Blending, Makeup Sponges for Foundation Liquid Cream and Powder.",29.9,3678.0,11.93,6795.0,22.3,5.0,,Bling Hair Wigs Shop,发带发箍,,,products_sales_us.csv,70.0,53.5,25.0,20.0,60.0,60.0,55.4,46.8,48.8,
306,"2 Pcs Adjust Satin Hair Scrunchies for Women Girls, Adjustable Hair Ties Soft Than Silk for 4c Girlie Thick Curly Natural Hair, Easy to Use Hair Accessories for Afro Puff Loc Ponytails (black)",,2057.0,2.63,5751.0,6.96,10.0,,Yuehuan Store,头绳,,,products_sales_us.csv,60.0,47.5,50.0,20.0,60.0,60.0,51.3,49.5,48.8,
465,"【Men Gifts】Cross Necklace for Men, Silver Tone/Gold Plated Mens Cross Necklaces with 3.5mm Cuban Chain 16-26 Inch",,1515.0,1.15,2.1,20.98,10.0,,Bijou B1iss,项链,,,products_sales_us.csv,60.0,47.8,50.0,20.0,60.0,60.0,51.5,49.5,48.8,
105,"Women's Thick Seamless Cotton Hair Ties - 1PCS Random Color, High Stretching, No Damage Elastic Hair Accessory, Fashionable Hairband, Scrunchie, Stretchy Tie Band for Daily Ponytail Use",30.9,3565.0,12.42,6667.0,23.43,5.0,,WIG QUEEN,头绳,,,products_sales_us.csv,70.0,53.1,25.0,20.0,60.0,60.0,55.1,46.8,48.7,
121,"Women's Multicolor Sports Headbands, Workout Headbands, Leopard Print Elastic Sweat Absorbent Hair Bands, Suitable for Yoga Running Skincare Fashion Accessories",,3374.0,6963.34,8287.0,1.8,8.0,,Shenzhen Songlin,头绳,,,products_sales_us.csv,60.0,52.4,40.0,20.0,60.0,60.0,54.7,47.0,48.7,
129,"Summer 2025 Simple Polarized Shades Sunglasses For Everyday Use, Summer Geometric Frame Double Beam Fashion Stylish Sunglasses, Travel Accessories, Trendy Casual Sunglasses, Polarizing Sunglasses, Fashionable Frames Sunglasses, National Day Offers",3.6,3278.0,1.84,34.67,293.46,8.0,,JWH GLASSES,太阳镜,,,products_sales_us.csv,60.0,52.3,40.0,20.0,60.0,60.0,54.6,47.0,48.7,
317,"Elegant Shell Letter Initial Necklace Pendant with Artificial Crystal Beaded Chain, Stylish Stainless Steel Jewelry Gift, Fashion Accessory for All Seasons, Initial Pendant Necklaces",,2012.0,3787.8,1.28,3.24,8.0,,yumfeel,项链,,,products_sales_us.csv,60.0,52.3,40.0,20.0,60.0,60.0,54.6,47.0,48.7,
326,"GANIA delicate 26-letter gold pendant with star decorations, an elegant lady's necklace, the ideal choice for Valentine's Day gifts",,1974.0,2.78,8201.0,11.35,10.0,,GANIA,项链,,,products_sales_us.csv,60.0,47.2,50.0,20.0,60.0,60.0,51.1,49.5,48.7,
335,"KissYan Initial Letter Pendant Necklace for Men Womens, 14K Gold Plated Square Capital Monogram Necklace Alhpabets from A-Z Figaro Chain Necklace Gifts TikTokShopBackToSchool",,1913.0,3.64,13.49,175.18,10.0,,KissYanOfficial,项链,,,products_sales_us.csv,60.0,47.5,50.0,20.0,60.0,60.0,51.2,49.5,48.7,
43,[KooKaStyle] Clip in Long Wavy Synthetic Hair Extension 24 Inch Pearl Blonde 4PCS Thick Hairpieces Fiber Double Weft Hair for Women 613,,5218.0,9.32,7697.0,14.76,5.0,,kookastyle hair extensions,化纤接发&发片,,,products_sales_us.csv,60.0,59.1,25.0,20.0,60.0,60.0,59.4,43.2,48.5,
137,"Women's Elegant Butterfly & Heart Design Hoop Earrings, Fashionable Exquisite Hoop Earrings, Trendy All-match Jewelry as Gift for Daily & Party Decor, Heart Shaped Earrings, Versatile Earrings, Fashionable Jewelry Accessories, Earring Set",,3189.0,2.52,5946.0,6.35,8.0,,Wang Shuo Fashion Jewelry,耳环,,,products_sales_us.csv,60.0,51.7,40.0,20.0,60.0,60.0,54.2,47.0,48.5,
346,"SOJOS Retro Trendy Oval Polarized Sunglasses for Women Men, 90s Vintage Circle Round Sunnies",,1865.0,3.63,6529.0,14.1,10.0,,SOJOS,太阳镜,,,products_sales_us.csv,60.0,46.8,50.0,20.0,60.0,60.0,50.8,49.5,48.5,
365,"GANIA Gold-Plated Iris Flower Cross Necklace – Electroplated Finish (Brass Base), Christian Symbol Pendant, Unisex Gift for Daily Wear",,1810.0,2.76,3282.0,5.05,10.0,,GANIA,项链,,,products_sales_us.csv,60.0,46.6,50.0,20.0,60.0,60.0,50.6,49.5,48.5,
372,"Moomoo Women's 2 Piece Kaftan Set, Oversized Bohemian Rose Floral Print Satin Maxi Dress with Scarf for Party & Beach Vacation, Fashion Apparel, Women's Fashion, 2 Piece Sets, Clothes For Women",,1782.0,2.36,8070.0,10.34,10.0,,Laruda-oula,围巾&围脖,,,products_sales_us.csv,60.0,46.5,50.0,20.0,60.0,60.0,50.6,49.5,48.5,
128,"Women's 10PCS 2in Metal Hairpins Kit - All-Seasons, Fade-Resistant Black Finish, Secure-Hold Bobby Pins for All Hair Types, Daily Use & Hairdressing Salons, 2 Inches",31.9,3279.0,11.92,6910.0,25.35,5.0,,WIG QUEEN,发夹发簪,,,products_sales_us.csv,70.0,52.0,25.0,20.0,60.0,60.0,54.4,46.8,48.4,
339,"Women's Solid Color Straw Beach Hat, Casual Outdoor Sun Protection Cap for Women & Girls, Fashion Accessories for Daily Wear, Breathable Head Cover",4.5,1897.0,1.42,1.37,9.7,8.0,,Chic Chic Scarves,帽子,,,products_sales_us.csv,60.0,51.3,40.0,20.0,60.0,60.0,53.9,47.0,48.4,
385,YADOCA Hypoallergenic Stud Earrings for Women Men Silver Earrings for Sensitive Ears - 6/8/10mm Cubic Zirconia Earrings Studs-Gold Plated Simulated Diamond CZ Halo Earrings 2/4Pairs Flat Pierced Jewelry accessories,,1756.0,2.63,7678.0,10.95,10.0,,YADOCA JEWELRY,耳环,,,products_sales_us.csv,60.0,46.4,50.0,20.0,60.0,60.0,50.5,49.5,48.4,
491,YoungSee Micro Loop Hair Extensions Human Hair micro ring pre bonded Soft and Silky Hair Extensions for Women Micro Ring Extension Human Hair 100% Real Human Hair Summer braids half wig summer hair style glueless wig#summerwins #DealsForYouDays,,1459.0,2.95,1.28,29.4,9.0,,YoungSee Hair,真人发接发&发片,,,products_sales_us.csv,60.0,48.9,45.0,20.0,60.0,60.0,52.2,48.2,48.4,
151,"5-Piece Waterproof Titanium Steel Bracelet Set, Rhinestone Star Design, Plated, Versatile Style, Unisex Jewelry, Stackable Bracelets",,3017.0,4.82,7778.0,11.63,8.0,,RinhooJewelry,手环与手链,,,products_sales_us.csv,60.0,51.1,40.0,20.0,60.0,60.0,53.7,47.0,48.3,
153,"Leopard Print Satin Sleep Cap with Cute Bow and Bear Ears, Soft Velvet Hair Hat for Nighttime Hair Protection, Smooth and Healthy Hair Overnight",,3001.0,2.39,3160.0,2.56,8.0,,YOYO CAP,帽子,,,products_sales_us.csv,60.0,51.0,40.0,20.0,60.0,60.0,53.7,47.0,48.3,
275,"Fashionable Round Shaped Hoop Earrings, Circle Shape Earrings, Rounded Hoop Earrings, Stylish Jewelry, Fashion Jewelry for Party, Daily Clothing Decor, Trendy All-match & Exquisite Jewelry for Birthday Gift",1.1,2195.0,3065.45,2.35,5.63,8.0,,JSY Custom,耳环,,,products_sales_us.csv,60.0,51.0,40.0,20.0,60.0,60.0,53.7,47.0,48.3,
426,Stretchy Scrunchie Lanyard for ID Badges – Cute Neck Lanyard for Keys | Retractable Keychain Holder for Women,4.0,1628.0,7937.36,7457.0,3.48,10.0,,OBOEY Deals,钥匙扣,,,products_sales_us.csv,60.0,46.0,50.0,20.0,60.0,60.0,50.2,49.5,48.3,
187,"Simple Style Plain Color Skull Beanie for Men & Women, Casual Sportive Breathable Stretchy Beanie Hat for Outdoor Sports for Men & Women, Fitted Hats, Head Cover",,2718.0,5115.09,12.44,133.69,8.0,,JOYOYO Beauty,帽子,,,products_sales_us.csv,60.0,50.6,40.0,20.0,60.0,60.0,53.4,47.0,48.2,
218,"Solid Color Hair Bands (4 Piece), Elastic Headbands, Sports Headbands, Workout Hairband, Gym Headband, Casual Sporty Hair Bands for Women & Girls, Hair Accessories for Party and Daily Outfits",,2506.0,5767.1,5.3,15.81,8.0,,Xuan Ying jewelry,头绳,,,products_sales_us.csv,60.0,50.7,40.0,20.0,60.0,60.0,53.5,47.0,48.2,
293,"Polka Dot Pattern Hair Band, Casual Simple Hair Accessories for Women & Girls, Minimalist Headwear Suitable for Thick Hair, Headband, Hairband",2.78,2117.0,9003.65,2.24,11.86,8.0,,YourBeautyAccs,发带发箍,,,products_sales_us.csv,60.0,50.7,40.0,20.0,60.0,60.0,53.5,47.0,48.2,
297,Pizazz 1 Piece Silk Satin Hair Ties Ponytail Holder,56.99,2103.0,11.98,7258.0,43.53,14.5,,Pizazz Hair Shop,头绳,,,products_sales_us.csv,40.0,47.7,72.5,20.0,60.0,60.0,51.4,48.1,48.2,
453,"KROAFA Money Bracelet featuring green Dongling jade stone, green quartz, and tiger’s eye—a lucky bracelet symbolizing wealth, locking in good fortune, prosperity, and growth. Blue beaded friendship jewelry protective bracelet, an encouragement gift.",,1548.0,1.48,9025.0,7.74,10.0,,KROAFA,手环与手链,,,products_sales_us.csv,60.0,45.7,50.0,20.0,60.0,60.0,50.0,49.5,48.2,
466,DIFF Cameron Oversized Polarized Navigator Sunglasses for Men and Women,,1515.0,11.42,6116.0,45.97,10.0,,DIFF EYEWEAR,太阳镜,,,products_sales_us.csv,60.0,45.5,50.0,20.0,60.0,60.0,49.9,49.5,48.2,
115,WENNALIFE Clip in Hair Extensions Real Human Hair 7pcs 120g-150g 14 Inch to 24 Inch Jet Black to Platinum Blonde Balayage Ombre #tiktokshopbacktoschool #sohochic,,3446.0,17.08,2.06,99.81,5.0,,WENNALIFE,真人发接发&发片,,,products_sales_us.csv,60.0,57.9,25.0,20.0,60.0,60.0,58.5,43.2,48.1,
252,[Hot] Ishow 30 inches Brazilian Body Wave Virgin Hair Bundles 100% Raw Human Hair Straight Hair Bundles for Sew in Quick Weave Hair Extensions Natural Black Color,,2311.0,4.97,1.03,21.11,6.0,,Ishow Hair,真人发接发&发片,,,products_sales_us.csv,60.0,55.5,30.0,20.0,60.0,60.0,56.8,44.5,48.1,
419,Women And men Fake Piercing Nose Ring Gold Stainless Steel D-Type Simple American Style Personalized Letters Hip-Hop Street Style Non Perforated Accessories Body Jewelry Fake Nose Studs Faux Nose Ring Fake Nose Piercings Body Jewellery,,1647.0,2508.39,1.17,2.22,8.0,,Modern Adornments.global,身体饰品,,,products_sales_us.csv,60.0,50.4,40.0,20.0,60.0,60.0,53.3,47.0,48.1,
458,"Stainless Steel 18k Plated Y-Shape Necklace, Heart Pendant Pearl Chain, Fashion Elegant Versatile Jewelry for Daily Wear, Heart Shaped Pendant, Pendant Necklaces",1.1,1538.0,2680.76,1.01,2.81,8.0,,Gem Tech,项链,,,products_sales_us.csv,60.0,50.4,40.0,20.0,60.0,60.0,53.3,47.0,48.1,
486,Cephemer Wispy Bangs Clip in Hair Extensions Lightweight Air Bangs Synthetic Fiber Hairpieces for Women Easy to Wear All Day Comfort for Daily Party,,1468.0,1.69,9453.0,10.28,10.0,,Cephermer,化纤接发&发片,,,products_sales_us.csv,60.0,45.4,50.0,20.0,60.0,60.0,49.8,49.5,48.1,
488,"18k Gold Constellation Necklace & Pendant - Gold Necklace for Women & Men, Tarnish & Water Resistant, Birthday Gifts for Women & Menwelry",,1464.0,8349.93,2049.0,1.27,10.0,,VOLDNE,项链,,,products_sales_us.csv,60.0,45.4,50.0,20.0,60.0,60.0,49.8,49.5,48.1,
489,"Moomoo Women's 2 Piece Sets, Bohemian Peacock & Plants Satin Cape Robe with Scarf, Plus Size Friendly Maxi Cover Up for Resort, Hand Wash, Bathing Suit, Beach Wear, Bathing Suit Cover, Silky, Bikini Coverup, Moo Moo For Women, Stylish Women's Wear",,1461.0,1.57,3879.0,4.37,10.0,,Laruda-oula,围巾&围脖,,,products_sales_us.csv,60.0,45.4,50.0,20.0,60.0,60.0,49.7,49.5,48.1,
497,Vintage Japanese Streetwear Snapback Cap | Retro Hip-Hop Duckbill Hat for Men | Breathable Quick-Dry Polyester | Lightweight Non-Stretch Baseball Cap | Urban Fashion Accessory,,1453.0,2.03,9049.0,12.1,10.0,,Yunxin store,帽子,,,products_sales_us.csv,60.0,45.3,50.0,20.0,60.0,60.0,49.7,49.5,48.1,
257,"New 2026 Highlight Ombre Ramiss Burmese Curly Honey Blonde 4/27 Crochet Human Hair Pre-Separated 50g/Pack Time-Saving, 40 Strands/Pack Mircale Knots Hot braids,4-5 Packs for Full Head Protective Styles Reusable Feather Crochet #SummerWins #DealsForYouDays",37.3,2269.0,9.21,5039.0,20.5,6.0,,Ramiss Hair,真人发接发&发片,,,products_sales_us.csv,70.0,48.3,30.0,20.0,60.0,60.0,51.8,48.0,48.0,
301,"6 Pairs Retro Small Frame Classic Sunglasses for Men and Women, Vintage Trendy Sunglasses, Casual Sunglasses, Stylish Travel Sunglasses for Everyday, Versatile UV Protection Glasses",3.6,2087.0,7836.64,2.93,23.44,8.0,,ClearLen,太阳镜,,,products_sales_us.csv,60.0,49.9,40.0,20.0,60.0,60.0,52.9,47.0,48.0,
329,[Lowest Price Ever]Crochet Human Hair For Knotless Feather Human Hair For Boho Braids 4 to 5Pcs Recommend Multiple Curly & Wave Texture Protective Hairstyles For Black Women #SummerVibes,38.8,1941.0,9.05,6106.0,30.26,6.5,,Ishow Hair,真人发接发&发片,,,products_sales_us.csv,70.0,47.1,32.5,20.0,60.0,60.0,51.0,48.6,48.0,
342,"GOO GOO Invisi Edge Tape in Hair Extensions Remy Human Hair, 14inch-24inch 20pcs 50g, Straight Natural Virgin Remy Hair, Seamless Injected Tape, Natural Look summer hairstyles #tiktokshopbacktoschool #sohochic",,1880.0,9.91,1.81,102.99,8.0,,GOO GOO,真人发接发&发片,,,products_sales_us.csv,60.0,50.1,40.0,20.0,60.0,60.0,53.1,47.0,48.0,
71,"[KooKaStyle] Clip-In Synthetic Hair Extensions Long Wavy 4PCS Thick Hairpieces, 220g Double Weft Extensions for Women, 24 Inch Black Natural Blend",,4319.0,9.91,11.18,235.15,5.0,,kookastyle hair extensions,化纤接发&发片,,,products_sales_us.csv,60.0,57.0,25.0,20.0,60.0,60.0,57.9,43.2,47.9,
165,AISI HAIR 4PCS 16 inch Clip-in Curly Hair Extensions Natural Lace Weft Tangle-Free Fiber Secure Fit for Women's Everyday & Special Occasion Use Wavy Synthetic Hair Soft Synthetic Hair,25.2,2881.0,7.8,4941.0,13.75,5.0,,AISI HAIR BEAUTY,化纤接发&发片,,,products_sales_us.csv,70.0,50.6,25.0,20.0,60.0,60.0,53.4,46.8,47.9,
341,"Women's Stainless Steel Necklace with Zirconia Cross Crown Initial Pendant, Casual Fashion Lip Chain Jewelry for All Seasons, Letter Necklaces, Cross Design Necklace",2.23,1892.0,4879.58,2.06,7.37,8.0,,XinQiBai8 Jewelry,项链,,,products_sales_us.csv,60.0,49.8,40.0,20.0,60.0,60.0,52.9,47.0,47.9,
181,"1PCS Mini Wide-Tooth Hair Comb, Portable Pocket-Sized Black Haircare Tool for Travel, Combs for Hair Heatless Grooming Accessory, Hair Combs",30.0,2781.0,10.07,6994.0,24.2,5.0,,WIG QUEEN,发夹发簪,,,products_sales_us.csv,70.0,50.2,25.0,20.0,60.0,60.0,53.1,46.8,47.8,
401,"Elegant Leopard Print Shawl Set With Scarf, Casual Loose-Fit Scarf for Women, Sun Protection Beach Accessory, All-Season Fashion, Fashion Shawl Wrap",,1701.0,2.37,1.67,24.59,8.0,,IROJEFF,围巾&围脖,,,products_sales_us.csv,60.0,49.4,40.0,20.0,60.0,60.0,52.6,47.0,47.8,
228,"Vintage-Style Faux Pearl Necklace with Rhinestone Cross Pendant, Men's Hip Hop Punk Jewelry, Bling Faux Pearl Chain Necklace, Trendy Necklace, Necklace Gift",1.4,2450.0,3579.1,9522.0,2.58,8.0,,Ysabtst,项链,,,products_sales_us.csv,60.0,49.0,40.0,20.0,60.0,60.0,52.3,47.0,47.7,
322,"2024 Summer Rhinestone Decorated Trendy Bangle, Elegant Fashion Accessories for Women & Men Daily Wear, Minimalist Aesthetic Jewelry Gift, Copper Bangles, Copper Metal Bracelet, Exquisite Trendy Bracelet, Copper Bracelets",,1987.0,2578.82,3.92,15.62,8.0,,Cando Jewelry,手环与手链,,,products_sales_us.csv,60.0,48.9,40.0,20.0,60.0,60.0,52.2,47.0,47.7,
239,Ishow Bone Straight Hair Bundles/Body Wave Human Hair Bundles P4 27 Highlight Hair Bundles 30Inch Quick Weave Extensions 4*4/2*6Lace Closure With Human Hair 95-100G/Bundle #SummerWins #DealsForYouDays,,2392.0,5.22,1.02,23.7,5.0,,Ishow Hair,真人发接发&发片,,,products_sales_us.csv,60.0,56.1,25.0,20.0,60.0,60.0,57.3,43.2,47.6,
244,"Vintage Resin Amber Acrylic Bangles Set, High-Quality Texture Bracelets, Fashionable Multifunctional Jewelry for Women, Daily Wear Accessories, 4 Pieces",,2339.0,6232.29,8566.0,3.05,8.0,,SY-exquisite,手环与手链,,,products_sales_us.csv,60.0,48.6,40.0,20.0,60.0,60.0,52.0,47.0,47.6,
331,"Women's Solid Color Scarf, Casual Soft Comfortable Knit Shawl for Daily Wear, Fashion Accessories for Women & Girls",,1936.0,2.21,3.69,49.51,8.0,,IROJEFF Shop,围巾&围脖,,,products_sales_us.csv,60.0,48.7,40.0,20.0,60.0,60.0,52.1,47.0,47.6,
363,"New 2026 Ramiss Mircale Knots Crochet Human Hair Loose Deep Pre-Separated 50g / Bundle Time-Saving, 40 Strands, Hot Boho Braids Knotless Feather Crocher Human Hair 4-5 Bundles Recommended for a Full Head",37.3,1818.0,7.73,6329.0,27.14,6.0,,Ramiss Hair,真人发接发&发片,,,products_sales_us.csv,70.0,46.7,30.0,20.0,60.0,60.0,50.7,48.0,47.5,
373,Classic Simple 18K Gold Plated Wedding Band Engagement Wedding Ring,1.38,1781.0,3092.09,3.01,5.94,8.0,,DAILIJY JEWELRY,戒指,,,products_sales_us.csv,60.0,48.4,40.0,20.0,60.0,60.0,51.9,47.0,47.5,
421,"Unisex Square Frame Blue Light Filter Glasses - Black & White Colorblock Lightweight Durable Plastic Fashion Frames Accessories, Anti-Eye Strain Gift for Women, Lightweight Durable Glasses, Bluelight Blocking,summer outifit,travel essentials",,1637.0,2.81,2.25,40.51,8.0,,Cozennn,镜框与镜片,,,products_sales_us.csv,60.0,48.3,40.0,20.0,60.0,60.0,51.8,47.0,47.5,
106,AISI HAIR Long Straight Clip In Hair Extensions Synthetic Hair Extensions 20 Inch 4PCS Thick Hairpieces for Women,,3553.0,7.12,4.24,105.27,5.0,,AISI HAIR BEAUTY,化纤接发&发片,,,products_sales_us.csv,60.0,55.6,25.0,20.0,60.0,60.0,56.9,43.2,47.4,
494,Youngsee 16-28 inches butterfly weft hair extensions ovo weft genius pu weft hole butterfly hair extensions human hair XO weft human hair extensions straight hair real human glueless wig #summerwins #DealsForYouDays,,1457.0,4.95,8981.0,35.17,9.0,,YoungSee Hair,真人发接发&发片,,,products_sales_us.csv,60.0,45.3,45.0,20.0,60.0,60.0,49.7,48.2,47.4,
109,Doores Clip in Hair Extensions 120g 7pcs 150g 9pcs 100% Human Hair Straight for Daily Use & Special Occasions for Women#tiktokshopbacktoschool,,3521.0,11.07,5.04,204.8,5.0,,Doores Hair Extensions,真人发接发&发片,,,products_sales_us.csv,60.0,55.1,25.0,20.0,60.0,60.0,56.6,43.2,47.3,
300,"2 Pcs Gold Anklets for Women, Waterproof 14K Gold Plated Cuban Link Cuban Chain Anklet and Beaded Stackable Bracelets, Non-Tarnish Lightweight Custom Jewelry Gifts Layered Anklet",2.78,2089.0,4047.97,9537.0,1.96,8.0,,TIK FANS TOK,脚链,,,products_sales_us.csv,60.0,47.7,40.0,20.0,60.0,60.0,51.4,47.0,47.3,
328,GOO GOO Hair Extensions Tape in Human Hair Natural Straight summer hairstyles #tiktokshopbacktoschool #sohochic,,1957.0,7.22,10.07,363.98,8.0,,GOO GOO,真人发接发&发片,,,products_sales_us.csv,60.0,47.8,40.0,20.0,60.0,60.0,51.4,47.0,47.3,
395,"Titanium 20G/18G Horseshoe Nose Ring(Free Ball Holder) Internally Threaded Gems,Earring Daith Cartilage Helix,Piercing Jewelry",,1717.0,1.89,3.59,52.11,8.0,,Kutlan Body Jewelry,身体饰品,,,products_sales_us.csv,60.0,47.8,40.0,20.0,60.0,60.0,51.4,47.0,47.3,
429,"Women's Reversible Sleep Hat, Double Layer Bonnet for Sleeping & Makeup, Pink Color Reversible Extended Length Sleep Bonnet, Sleeping Cap, Hair Cap for Sleep",,1617.0,2906.31,3.04,7.84,8.0,,DeeJey Hair Accessories,帽子,,,products_sales_us.csv,60.0,47.6,40.0,20.0,60.0,60.0,51.3,47.0,47.3,
438,"Novelty Multifunction Hair Hoop, Fashionable Hair Accessories for Women, Minimalist Headwear for Daily Use, Headbands Women, Plastic Headbands",2.7,1594.0,4272.55,2.74,7.4,8.0,,Myb-jewelry,发带发箍,,,products_sales_us.csv,60.0,47.7,40.0,20.0,60.0,60.0,51.4,47.0,47.3,
450,"Unisex Vintage Square Frame Sunglasses, Trendy Casual Sunglasses for Travel Use, Fashion Accessories for Outdoor Activities, Trendy Streetwear Sunglasses, Stylish Sunglasses, Square Framed Sunglasses, Fashionable Sunglasses, Trendy Styling Sunglasses",1.48,1553.0,2443.59,2.45,7.79,8.0,,Shining Land,太阳镜,,,products_sales_us.csv,60.0,47.7,40.0,20.0,60.0,60.0,51.4,47.0,47.3,
493,"4pcs Simple Style Copper Zircon Ear Cuffs, Magnetic Design Unisex Jewelry Gift, Casual All-Season Accessory for Daily Wear, All Weather Earrings, Cubic Zirconia Earrings, Cubic Zirconia Studs, Casual Earrings Set",,1458.0,3632.24,2.11,6.25,8.0,,Rakol,耳环,,,products_sales_us.csv,60.0,47.5,40.0,20.0,60.0,60.0,51.3,47.0,47.3,
260,MADHATTER AUCTION ITEM ON HAND,0.85,2251.0,2251.0,1.19,6.61,,,The Mad Hatter Company,帽子,,,products_sales_us.csv,35.0,54.2,60.0,20.0,60.0,60.0,55.9,43.2,47.2,
321,"Men's Plastic Square Round Full Frame Fashion Glasses, Retro Hong Kong Style, Casual Wear, Decorative Eyewear, Classic Elegant Design",3.3,1989.0,6753.05,7846.0,3.04,8.0,,XINCHI GLASSES,镜框与镜片,,,products_sales_us.csv,60.0,47.3,40.0,20.0,60.0,60.0,51.1,47.0,47.2,
325,"24pcs Women's Leopard Print Sporty Hair Bands, Elastic Stretchy Sweat-Wicking Sports Workout Headbands for Yoga Running Spa, Fashion Dot Hair Accessories",3.38,1974.0,9512.39,4216.0,2.08,8.0,,Shenzhen Songlin,头绳,,,products_sales_us.csv,60.0,47.2,40.0,20.0,60.0,60.0,51.1,47.0,47.2,
472,"Women's Glitter Decor Scarf, Elegant Scarf for Daily Wear, Casual Trendy Scarf for Women, Trendy All-match & Exquisite Scarf for Birthday Gift, Scarf for Hair",,1503.0,7537.05,2.53,17.42,8.0,,LMLAVEN Apparel Accessories,围巾&围脖,,,products_sales_us.csv,60.0,47.4,40.0,20.0,60.0,60.0,51.2,47.0,47.2,
144,"YWIGS Crochet Human Hair for Miracle Knots Human Hair Feather Crocher Hair Human Hair for Miracle Knots Boho Braids Burmese Curly Pre-Separated 60g / Bundle, 4 to 5 Bundles Recommended #backtoschool #backtoschoolshopping #sohochic",,3116.0,12.81,3.26,175.83,5.0,,YWIGS,真人发接发&发片,,,products_sales_us.csv,60.0,54.4,25.0,20.0,60.0,60.0,56.1,43.2,47.1,
225,YWIGS Blonde Body Wave Bulk Human Braiding Hair for Boho Braids Natural Texture #27/30/613 & #4/27/30 & #4/30 #backtoschool #backtoschoolshopping #sohochic,,2473.0,16.8,1.42,93.86,5.0,,YWIGS,真人发接发&发片,,,products_sales_us.csv,60.0,54.5,25.0,20.0,60.0,60.0,56.2,43.2,47.1,
336,"Y2K Pyramid Stud Rivet Waist Belt for Men and Women, Punk Style Belt, Punk Streetwear PU Leather Jeans Accessory, Punk Fashion Belt",4.21,1906.0,1.0,2935.0,1.48,8.0,,Chic Trend Belts,皮带,,,products_sales_us.csv,60.0,47.0,40.0,20.0,60.0,60.0,50.9,47.0,47.1,
462,Lyrasses Black Photochromic Square Glasses Anti-Blue Light & Photochromic Unisex Fashion Frames Big Head Friendly Perfect for Beach Business Party Trendy Daily Accessory Ideal Gift Idea No-Makeup Essential Anti Eyestrain Eyewear,,1520.0,1.43,1.24,11.66,7.0,,Lyrasses,镜框与镜片,,,products_sales_us.csv,60.0,49.4,35.0,20.0,60.0,60.0,52.6,45.8,47.1,
371,"Vintage Cross Chain Wallet and Jeans Waist Chain, Punk Hip-Hop Two-Layer Metal Belt for Men and Women, All-Season Streetwear Accessory, Waist Jewelry",,1785.0,6593.15,3641.0,1.48,8.0,,XXG,皮带,,,products_sales_us.csv,60.0,46.5,40.0,20.0,60.0,60.0,50.6,47.0,47.0,
160,Bangjazz Transparent Ziplock Bag,,2933.0,2.63,1.13,15.63,3.0,,bangjazzhair,发带发箍,,,products_sales_us.csv,60.0,58.9,15.0,20.0,60.0,60.0,59.2,40.8,46.9,
399,"Non-Piercing Fake Eyebrow & Lip Labret Studs Set, Silver Color, 3/4/5mm Sizes, 100pcs Adhesives Included, Spike Design, Body Piercing Jewelry, Labret Studs Replacement",1.94,1705.0,4007.51,6818.0,2.06,8.0,,Diamday Jewelry,身体饰品,,,products_sales_us.csv,60.0,46.2,40.0,20.0,60.0,60.0,50.4,47.0,46.9,
402,"CATERSIDE Men's Classic Square Sunglasses, Vintage Punk Style with Tinted Lenses, UV400 Sun Protective Fashion Accessories, Classic Sunglasses, Sun Protective Sunglasses",,1692.0,3.81,3398.0,7.51,8.0,,CATERSIDE VISION Store,太阳镜,,,products_sales_us.csv,60.0,46.2,40.0,20.0,60.0,60.0,50.3,47.0,46.9,
428,"Hip Hop Twist Chain Necklace & Rhinestone Cross Pendant Necklace for Daily Decoration, Stainless Steel Jewelry for Men & Women, Classic Jewelry for Gift",,1623.0,6140.31,9.26,49.01,8.0,,ZIDOM Hiphop Store,项链,,,products_sales_us.csv,60.0,46.5,40.0,20.0,60.0,60.0,50.5,47.0,46.9,
444,"Simple Minimalist Square Frame Eyeglasses Plastic Eyewear for Women & Men, Square Frames Eyeglasses, Summer Outfits 2024 Eyeglasses for Work, Daily Clothing Decor, Student Daily Use",2.97,1573.0,9941.72,9.07,21.82,8.0,,SOLOSE,镜框与镜片,,,products_sales_us.csv,60.0,46.3,40.0,20.0,60.0,60.0,50.4,47.0,46.9,
405,"Women's Hairbands Set, Non Slip Headbands, Plastic Headband, Anti-Slip Wave Design, Retro Style Headband for Makeup & Skincare, Chic Headbands, Fashionable Hair Accessories",,1680.0,2807.42,7505.0,1.5,8.0,,Shenzhen Songlin,发带发箍,,,products_sales_us.csv,60.0,46.2,40.0,20.0,60.0,60.0,50.3,47.0,46.8,
413,"Vintage Literary Personalized Flat Lens Glasses, Trendy Large Frame Unisex Blue Light Blocking Eyewear, All Season Casual Style, Fashion Accessory Eyewear, Square Frames, Protective Glasses, Fashion Glasses",2.49,1659.0,3729.81,7118.0,2.79,8.0,,Zanobia,镜框与镜片,,,products_sales_us.csv,60.0,46.1,40.0,20.0,60.0,60.0,50.3,47.0,46.8,
430,"Unisex New Summer Sunglasses, Trendy Street Style UV Protection Shades, Fashionable Retro Sunglasses for Men & Women",4.24,1614.0,1.2,4399.0,2.67,8.0,,YI SHENG SUNGLASSES,太阳镜,,,products_sales_us.csv,60.0,45.9,40.0,20.0,60.0,60.0,50.1,47.0,46.8,
432,"Women's Layered Design Cubic Zirconia Hand Chain & Bracelet Set, Perfect for Parties & Festivals, Sparkling Jewelry Accessories, Fashionable Jewelry Set, Costume Jewelry Sets, Trendy Jewelry Set",1.5,1608.0,3700.82,2301.0,4888.98,8.0,,XUYU Jewelry,手环与手链,,,products_sales_us.csv,60.0,45.9,40.0,20.0,60.0,60.0,50.1,47.0,46.8,
437,"Leopard Print Cherry Charm Bracelet, Star Girl Cross Bracelet, Lucky Number 777 Bracelet, Cherry Tooth Bracelet, Pool Ball 7 Bracelet, Fashion Bracelet",,1595.0,1.33,3365.0,2.6,8.0,,pandacharms,手环与手链,,,products_sales_us.csv,60.0,45.8,40.0,20.0,60.0,60.0,50.1,47.0,46.8,
480,"Magnetic Ear Clips for Unpierced Ears, Non Pierced Earrings, Zirconium Stone Jewelry, Punk Style, All-Seasons Accessory, Comfortable Material, Unisex Design",1.33,1487.0,2498.4,1540.0,2586.1,8.0,,SHU trend Jewelry,耳环,,,products_sales_us.csv,60.0,45.4,40.0,20.0,60.0,60.0,49.8,47.0,46.6,
496,"3 Piece U-Shaped Non-Piercing Nose Ring Clips, Fake Piercing, Elegant Sparkling Daily Party Jewelry, Chic Body Jewelry, Comfortable Clip-On Nose Cuffs for Unpierced Nostrils",2.48,1455.0,3872.37,3787.0,1.06,8.0,,Crazy body jewelry,身体饰品,,,products_sales_us.csv,60.0,45.3,40.0,20.0,60.0,60.0,49.7,47.0,46.6,
,"Fashion Geometric Double-Beam Sunglasses - 2026 Fall/Summer Trend, High-Quality Lightweight Durable Metal-Framed Sunglasses, Funky Fashionable Frames Men's Accessory, Boyfriend Birthday Gift, Gifts for Boyfriend, Lightweight Durable Sunglasses, High Quali",,1.3,18.35,16.12,211.5,10.0,,Zen Zest,镜框与镜片,,,products_sales_us.csv,60.0,40.0,50.0,20.0,60.0,60.0,46.0,49.5,46.5,
95,P4/27 Honey Blonde Highlight Hair Bundles Brazilian Body Wave Human Hair Weave 3 Bundles T1B/4/30 Body Wave Bundles,,3821.0,11.61,6.11,139.79,3.5,,Lebeaute hair,真人发接发&发片,,,products_sales_us.csv,60.0,56.0,17.5,20.0,60.0,60.0,57.2,41.4,46.4,
205,"KooKaStyle 4PCS Clip in Hair Extensions for Women, 24 Inch Long Wavy Synthetic Hairpieces, 220g Thick Double Weft Extensions for Instant Volume, Length and Natural Blend",,2567.0,6.08,6.2,128.33,5.0,,KooKaStyle,化纤接发&发片,,,products_sales_us.csv,60.0,50.7,25.0,20.0,60.0,60.0,53.5,43.2,46.0,
168,GOO GOO Scalp Hair Fill-Ins Clip-Ins Hair Extensions Natural Coverage for Thinning Areas Remy Human Hair Lightweight and Invisible Straight Natural Summer Hair summer hairstyles #tiktokshopbacktoschool #sohochic,,2843.0,14.57,6392.0,31.78,5.0,,GOO GOO,真人发接发&发片,,,products_sales_us.csv,60.0,50.4,25.0,20.0,60.0,60.0,53.3,43.2,45.9,
215,GOO GOO Hair Extensions Clip in Human Hair Natural Straight Remy Hair Easy To Style Soft Clip ins for Women summer hairstyles #tiktokshopbacktoschool #sohochic,,2511.0,12.09,6.61,393.15,5.0,,GOO GOO,真人发接发&发片,,,products_sales_us.csv,60.0,50.4,25.0,20.0,60.0,60.0,53.3,43.2,45.9,
279,"New 2026 Ramiss Highlight Ombre Burmese Curly Honey Blonde 4/27 Crochet Human Hair Pre-Separated 50g/Pack Time-Saving, 40 Strands/Pack Mircale Knots Hot braids,4-5 Packs for Full Head Light Weight No Tension Reusable Feather Crochet #DealsForYouDays",,2185.0,9.08,5130.0,21.98,6.0,,Ramiss Hair,真人发接发&发片,,,products_sales_us.csv,60.0,48.0,30.0,20.0,60.0,60.0,51.6,44.5,45.9,
111,Brazilian Virgin Human Hair Bundles 32inch 34inch Body Wave Straight Hair for Quick Weave 1 3 4 Bundles Natural Black Traditional Sew in Extension,,3481.0,10.79,8.47,170.56,3.5,,Lebeaute hair,真人发接发&发片,,,products_sales_us.csv,60.0,54.0,17.5,20.0,60.0,60.0,55.8,41.4,45.8,
320,[YWIGS] Bulk Human Hair for Braiding No Wefted Natural Color - Human Hair for Boho Braids #backtoschool #backtoschoolshopping #sohochic,,1990.0,10.6,2.29,119.16,5.0,,YWIGS,真人发接发&发片,,,products_sales_us.csv,60.0,50.0,25.0,20.0,60.0,60.0,53.0,43.2,45.8,
146,【Lowest Price】Tahikie Burmese Curly Crochet Human Hair For Miracle Knots Human Hair Feather Water Wave Curly Wave Crochet Human Hair For Miracle Knots Pre-Separated Recommended#RefreshedLook#SummerWins #DealsForYouDays #TikTokShopBackToSchool#SohoChic,,3106.0,16.56,1.18,60.01,1.0,,Tahikie,真人发接发&发片,,,products_sales_us.csv,60.0,59.6,5.0,20.0,60.0,60.0,59.7,38.2,45.6,
161,Elastic Band for Hair Wig Lace Melting 1 Pcs Non Slip Soft Hair Band For Women,,2916.0,1.91,2.4,17.56,3.0,,bangjazzhair,发带发箍,,,products_sales_us.csv,60.0,54.5,15.0,20.0,60.0,60.0,56.1,40.8,45.6,
316,Frodio Veralux™ Blend Human Hair Boho Curly Wig with Bangs Effortless Shaggy Waves | Ready To Wear#SohoChic,,2015.0,11.02,3.64,213.03,5.0,,FRODIO,真人发前蕾丝头套,,,products_sales_us.csv,60.0,49.1,25.0,20.0,60.0,60.0,52.4,43.2,45.5,
229,Adjustable Turban Wrap Scarf Head Wrap Scarfs Tactical Headscarf Seamless Bandanas,,2447.0,5.38,7187.0,17.24,5.0,,Onestep Beauty Bar,围巾&围脖,,,products_sales_us.csv,60.0,49.0,25.0,20.0,60.0,60.0,52.3,43.2,45.4,
351,【#1 24inch only 53.24】Doores Tape in 10-28'' length Remy Human Hair Extensions Natural Straight#tiktokshopbacktoschool,,1854.0,4.15,3.07,76.82,5.0,,Doores Hair Extensions,真人发接发&发片,,,products_sales_us.csv,60.0,48.7,25.0,20.0,60.0,60.0,52.1,43.2,45.4,
201,"【Price Dropped】ISEE HAIR Human Hair Crochet Hair Extensions – Miracle Knots Pre-Separated Crochet Braids, Knotless Boho Braids, Mermaid Braids, Goddess Braids, Burmese Curly, Kinky Curly, Water Wave#SoHoChic #TikTokShopBackToSchool",,2612.0,20.9,2.0,130.85,3.0,,ISEE HAIR BEAUTY,真人发接发&发片,,,products_sales_us.csv,60.0,53.7,15.0,20.0,60.0,60.0,55.6,40.8,45.3,
273,Wig Transparent Bag For Storing Wigs,43.56,2199.0,9.46,1.89,66.2,1.0,,Tiwugi hair store,真人发前蕾丝头套,,,products_sales_us.csv,70.0,51.7,5.0,20.0,60.0,60.0,54.2,41.8,45.3,
274,"Wig Cap for Lace Front Wig Stretchy Nylon Wig Caps, Wig Cap for Women,For Wigs Nude Wig Cap 1 Piece (for Human Hair)",26.8,2199.0,6.3,1.98,68.88,1.0,,Tiwugi hair store,真人发前蕾丝头套,,,products_sales_us.csv,70.0,51.5,5.0,20.0,60.0,60.0,54.1,41.8,45.2,
451,"New 2026 Ramiss Body Wave Crochet Human Hair Pre-Separated 50g/Pack Time-Saving, 40 Strands/Pack Mircale Knots Hot braids,4-5 Packs for Full Head Protective Styles Light Weight No Tension Reusable Feather Crochet Extension",,1550.0,6.33,3433.0,13.81,6.0,,Ramiss Hair,真人发接发&发片,,,products_sales_us.csv,60.0,45.7,30.0,20.0,60.0,60.0,50.0,44.5,45.2,
270,"Wigs Human Hair, 1 Pcs Light Brown Wig Caps for Women, Ultra-Thin Stretchy Nylon Lace Front Stocking Caps",26.74,2201.0,6.14,2.11,72.21,1.0,,Tiwugi hair store,真人发前蕾丝头套,,,products_sales_us.csv,70.0,51.3,5.0,20.0,60.0,60.0,53.9,41.8,45.1,
271,Sincerely serve 100% real human hair customers,26.74,2200.0,6.3,2.11,71.56,1.0,,Tiwugi hair store,真人发前蕾丝头套,,,products_sales_us.csv,70.0,51.3,5.0,20.0,60.0,60.0,53.9,41.8,45.1,
272,"Wig Human Hair, 1 Piece Wig Band Lace Melting Band Adjustable Wig Elastic Bands Wig Edge Wrap Band for Laying Edges Keep Wigs in Place",26.74,2199.0,6.23,2.12,72.26,1.0,,Tiwugi hair store,真人发前蕾丝头套,,,products_sales_us.csv,70.0,51.3,5.0,20.0,60.0,60.0,53.9,41.8,45.1,
290,[New Color] Ishow Hair Burmese Curly Crochet Human Hair With Knotless Colored Pre-Separated Invisible Crochet Hair #DealsforYouDays #SummerWins,,2128.0,10.33,3212.0,15.84,5.0,,Ishow Hair,真人发接发&发片,,,products_sales_us.csv,60.0,47.8,25.0,20.0,60.0,60.0,51.5,43.2,45.1,
6,"Women's Elegant Chic Geometric Print Robe Set, Casual Fitted Long Dress & Scarf, Beach Resort Wear Sun Protection Satin Matching Set Shawl",,1.03,8.91,3.03,34.63,8.0,,kkher,围巾&围脖,,,products_sales_us.csv,60.0,40.0,40.0,20.0,60.0,60.0,46.0,47.0,45.0,
122,OQ HAIR Burmese Curly Crochet Hair Natural Black Machine Made Feather Crochet Human Hair Extension Miracle Knots Boho Braids #SohoChic #TikTokShopBackToSchool #DealsForYouDays,,3371.0,24.9,9691.0,71.33,3.0,,OQ HAIR SHOP,真人发全机制头套,,,products_sales_us.csv,60.0,52.4,15.0,20.0,60.0,60.0,54.6,40.8,45.0,
423,GOOGOO Hair Extensions Seamless Clip in Human Hair Extensions Natural Straight Hair summer hairstyles #tiktokshopbacktoschool #sohochic,,1633.0,5.71,3.56,235.46,5.0,,GOO GOO,真人发接发&发片,,,products_sales_us.csv,60.0,47.4,25.0,20.0,60.0,60.0,51.2,43.2,45.0,
483,Scrunchies Fluffy Bobbles Hair Elastic Ponytail Holder Soft for Women Girls 10 Random Colors Free Gift,29.99,1480.0,4.91,9578.0,31.99,3.0,,QinMei Hair Fashion,头绳,,,products_sales_us.csv,70.0,45.4,15.0,20.0,60.0,60.0,49.8,44.2,44.9,
357,Ishow Burmese Curly Crochet Human Hair With Knotless Colored Pre-Separated Invisible Crochet Hair 27# Boho Braids Vacation Hair #DealsforYouDays #SummerWins,,1842.0,8.19,1939.0,8.58,5.0,,Ishow Hair,真人发接发&发片,,,products_sales_us.csv,60.0,46.7,25.0,20.0,60.0,60.0,50.7,43.2,44.8,
253,【Limited Stock】Sunber Affordable Body Wave 13x4 Lace Frontal Wigs Pre Cut Pre Bleached Pre Plucked With Drawstring Fit All Head Sizes Beginner Frienly For Women SoHoChic TikTokShopBackToSchool,,2299.0,17.52,2.31,215.56,3.0,,Sunber Hair,真人发前蕾丝头套,,,products_sales_us.csv,60.0,51.5,15.0,20.0,60.0,60.0,54.1,40.8,44.7,
380,[Set] 14K Real Gold-Plated Cuban Necklace & Bracelet with Miami Link Chain Stainless Steel Thick Anti-Friction Chain and Diamond Clasp for Men and Women 6/8/10/12/14MM Colorfast Waterproof Thickened Hip Hop Jewelry Black Friday,,1764.0,5.71,7990.0,19.16,5.0,,KEE Jewellery,项链,,,products_sales_us.csv,60.0,46.5,25.0,20.0,60.0,60.0,50.5,43.2,44.7,
442,Karlami Hair Burmese Curly Bundles with Spriral End 3c4a Quick Weave Pixie Curly Bundles Human Hair 14-30inch Loose Deep Wave 100% Virgin Body Wave Bundles Sew in Extension Straight Bundles with 5x5 Closure Human Hair Bundles for Women Natural Black,37.0,1579.0,7.32,1.25,54.5,1.0,,Karlami Hair Vendor,真人发接发&发片,,,products_sales_us.csv,70.0,49.7,5.0,20.0,60.0,60.0,52.8,41.8,44.7,
233,"Wooden Handle Metal Hook Latch Hook Crochet Tool for Hair Extensions, Micro Braids & Craft Projects, Crocheting, Hook Tool",,2411.0,6.77,3.26,83.98,3.0,,qvrhairwig,真人发接发&发片,,,products_sales_us.csv,60.0,51.1,15.0,20.0,60.0,60.0,53.8,40.8,44.6,
387,[Blend Natural]UNice Upgrade V Part Glueless Kinky Straight Human Hair Wig with Drawstring No Leave Out Beginner Friendly Easy to Install Summer Wig SummerArrvials #SoHoChic #TikTokShopBackToSchool,,1741.0,13.53,1.13,75.17,3.0,,UNICE,真人发全机制头套,,,products_sales_us.csv,60.0,51.2,15.0,20.0,60.0,60.0,53.8,40.8,44.6,
396,[Special Deal] Frodio Veralux™ Blend Human Hair Shaggy Waves 3-in-1 Half Wig #summervibes,,1716.0,8.56,8838.0,48.51,5.0,,FRODIO,真人发前蕾丝头套,,,products_sales_us.csv,60.0,46.3,25.0,20.0,60.0,60.0,50.4,43.2,44.6,
398,ShowReal 036 Pixie Short Pixie Cut Wigs Short Straight Brazilian Human Hair Wigs With Bangs Ready To Go Natural Black Color Full Machine Made Wig 4 Inch Size,,1709.0,5.76,9031.0,27.33,5.0,,ShowReal Hair Store,真人发全机制头套,,,products_sales_us.csv,60.0,46.3,25.0,20.0,60.0,60.0,50.4,43.2,44.6,
425,[Cheapest] Mamushow Feather Crochet Human Hair Bundles for Miracle Knots Human Hair Burmese Curly Pre-Separated 50g/Pack Reusable Invisible 100% Virgin Human Hair Crochet Extensions Natural Black #TikTokShopBackToSchool#SohoChic,48.0,1628.0,8.62,1.67,152.95,1.0,,Mamushow Hair Fashion,真人发接发&发片,,,products_sales_us.csv,70.0,49.0,5.0,20.0,60.0,60.0,52.3,41.8,44.5,
467,Bling Hair Human Hair Body Wave Crochet Braids Extensions Knotless Pre-Separated Miracle Knots Crochet Hair Lightweight Soft Natural Look Protective Style Boho Braids Vacation Hair Summer Hair 50g/Pack#SummerWins #DealsForYouDays,,1510.0,3.35,4222.0,9.4,5.0,,Bling Hair VIP Store,发带发箍,,,products_sales_us.csv,60.0,45.5,25.0,20.0,60.0,60.0,49.9,43.2,44.4,
495,WIGCHIC Raw Cambodian Hair Bundles Body Wave Extensions for Sew In Quick Weave Double Drawn Thick Ends Ultra-Flat Seamless Weft 1/3/4 Pcs,,1456.0,7.0,2209.0,10.89,5.0,,WIGCHIC Hair,真人发接发&发片,,,products_sales_us.csv,60.0,45.3,25.0,20.0,60.0,60.0,49.7,43.2,44.4,
265,[3 In 1 Half Wig] OQ HAIR Afro Curly Wear Go Glueless Half Wig 180% 250% Density Upgrade With Drawstring Cap Invisible Hairline Human Hair Wigs Beginner Friendly #SohoChic #TikTokShopBackToSchool,,2213.0,25.0,3.11,296.81,3.0,,OQ HAIR SHOP,真人发前蕾丝头套,,,products_sales_us.csv,60.0,50.3,15.0,20.0,60.0,60.0,53.2,40.8,44.3,
355,OQ HAIR Burmese Curly Wear Go Half Wig Seamless Water Wave Flip Over Wig 3 IN 1 Wear Go Glueless Human Hair Wigs With Drawstring Invisible Hairline for Beginner Friendly Vacation Hair Wigs #SohoChic #TikTokShopBackToSchool,,1847.0,25.32,2.18,246.01,3.0,,OQ HAIR STORE,真人发前蕾丝头套,,,products_sales_us.csv,60.0,49.4,15.0,20.0,60.0,60.0,52.6,40.8,44.1,
82,Frodio Veralux™ Blend Human Hair Shaggy Waves 3-in-1 Half Wig#SohoChic,53.1,4027.0,21.74,5.03,291.08,5.0,,FRODIO,真人发前蕾丝头套,,,products_sales_us.csv,40.0,57.3,25.0,20.0,60.0,60.0,58.1,36.2,43.9,
305,ISEE HAIR 250% Kinky Curly Wear Go Half Wig – Glueless Human Hair Wig Invisible Hairline Drawstring Seamless Blend Beginner Friendly Hairpiece No Leave Out Flip Over Wig Summer Hairstyles Budget Friendly Wig Beach Essential#SoHoChic#TikTokShopBackToSchool,,2071.0,23.17,5.56,551.75,3.0,,ISEE HAIR BEAUTY,真人发全机制头套,,,products_sales_us.csv,60.0,48.8,15.0,20.0,60.0,60.0,52.1,40.8,43.9,
356,【18”Only $87.99】BANGJAZZ Short Kinky Curly Ready to Wear Glueless Wigs Pre Cut Lace Bleached Konts Closure Wigs Human Hair Wig 200% Density Lace Front Wigs Pre Plucked For Women #TikTokShopBackToSchool,,1844.0,8.26,3.35,270.85,3.0,,bangjazzhair,真人发前蕾丝头套,,,products_sales_us.csv,60.0,48.5,15.0,20.0,60.0,60.0,51.9,40.8,43.8,
183,Bling Hair Deep Wave Lace Frontal Wig Transparent 13x4 13x6 HD Lace Frontal Human Hair Wigs Curly Human Hair Lace Frontal Wigs For Women backtoschool,,2756.0,23.51,2.75,185.0,1.0,,Bling Hair Fashion,真人发前蕾丝头套,,,products_sales_us.csv,60.0,53.2,5.0,20.0,60.0,60.0,55.3,38.2,43.7,
230,Frodio Veralux™ Blend Human Hair Burmese Curly 3-in-1 Half Wig Spiral Ends #summervibes#SohoChic,51.2,2438.0,12.89,1.07,59.83,5.0,,FRODIO,真人发前蕾丝头套,,,products_sales_us.csv,40.0,56.1,25.0,20.0,60.0,60.0,57.2,36.2,43.6,
400,[Lowest Price Ever] Deep Curly Pre-Separated Feather Crochet 100% Human Hair Extensions For Miracle Knots Boho Braids 4 to 5 Bundles Recommended #DealsForYouDays,,1702.0,7.49,6518.0,29.29,3.5,,Glulaze Hair,真人发接发&发片,,,products_sales_us.csv,60.0,46.2,17.5,20.0,60.0,60.0,50.4,41.4,43.5,
409,[Lowest Price Ever] New In P4/27 Highlight Burmese Curly Feather Crochet Human Hair for Miracle Knots/Boho Braids Pre-Separated 50g/Pack Time-Saving Wear #SummerWins #DealsForYouDays,,1672.0,8.23,2280.0,11.01,3.5,,Glulaze Hair,真人发接发&发片,,,products_sales_us.csv,60.0,46.1,17.5,20.0,60.0,60.0,50.3,41.4,43.5,
323,OQ HAIR #4 Chocolate Brown Feather Crochet Human Hair Burmese Curly Machine Made Crochet Weave Hair Extensions for Volume and Length #SohoChic #TikTokShopBackToSchool,,1983.0,13.18,2651.0,17.78,3.0,,OQ HAIR SHOP,真人发全机制头套,,,products_sales_us.csv,60.0,47.3,15.0,20.0,60.0,60.0,51.1,40.8,43.4,
473,NOT FOR SALE - STERLY Wig Cap (Random Color),49.9,1500.0,8.29,5297.0,22.64,1.0,,Sterly Hair Shop,发带发箍,,,products_sales_us.csv,70.0,45.5,5.0,20.0,60.0,60.0,49.8,41.8,43.4,
262,Cute Bein Body Wave 13x6 Transparent Lace Front Human Hair Wig 180% Pre plucked Lace Frontal Human Hair Wigs For Women With Baby Hair,,2246.0,16.42,2.11,137.36,1.0,,Cute Bein Hair Shop,真人发前蕾丝头套,,,products_sales_us.csv,60.0,51.6,5.0,20.0,60.0,60.0,54.1,38.2,43.2,
152,[30 Inch deep wave only $103]13x6 Deep Wave Lace Front Wigs Human Hair HD Full Lace Frontal Wigs Pre Plucked Bleached Knots Deep Curly Human Hair Wig for Women Natural Color,,3014.0,20.66,8884.0,58.11,1.0,,Zlzlblbl Hair Factory Store,真人发前蕾丝头套,,,products_sales_us.csv,60.0,51.0,5.0,20.0,60.0,60.0,53.7,38.2,43.1,
424,OQ HAIR Highlight 4/27 Burmese Curly Crochet Human Hair With Miracle Knots Boho Braids Time-Saving Wear #SohoChic #TikTokShopBackToSchool,,1632.0,11.1,3979.0,28.2,3.0,,OQ HAIR SHOP,真人发全机制头套,,,products_sales_us.csv,60.0,46.0,15.0,20.0,60.0,60.0,50.2,40.8,43.0,
171,[26 inch only $119] Afterblack Burmese Curly Glueless Half Wig For Women Seamless Flip Over Drawstring Wig Wear Go Half Wig Invisible Hairline Glueless Curly Human Hair Beginner Friendly #HairStyle #TikTokShopSpringGlowUp#Summervibes#tiktokshopsummersale,,2834.0,28.5,6479.0,66.46,1.0,,After Black Hair Shop,真人发全机制头套,,,products_sales_us.csv,60.0,50.4,5.0,20.0,60.0,60.0,53.3,38.2,42.9,
277,Tuneful Half Wig 3 IN 1 Burmese Curly Human Hair Wigs For Women 180% Density Glueless Kinky Culry Human Hair Wigs Wig With Drawstring Seamless Clip Ins Flip Over Quick Install For Women,,2192.0,14.71,3.42,218.72,1.0,,Tuneful Hair,真人发全机制头套,,,products_sales_us.csv,60.0,50.0,5.0,20.0,60.0,60.0,53.0,38.2,42.8,
452,Karlami Burmese Curly Human Hair Bundles with Twist Out Ends Unprocessed Brazilian Virgin Hair Spiral Curls Human Hair Quick Weave Extensions Natural Black,,1549.0,4.18,1.17,32.81,1.0,,Karlami Hair Vendor,真人发接发&发片,,,products_sales_us.csv,60.0,49.8,5.0,20.0,60.0,60.0,52.9,38.2,42.7,
258,Tuneful HD Transparent 13x6 Lace Front Hair Wigs P4/27 Highlight Pre Plucked Body Wave Human Hair Wig 180% Density 99j Lace Frontal Wigs For Women,,2254.0,15.85,5.94,387.2,1.0,,Tuneful Hair,真人发前蕾丝头套,,,products_sales_us.csv,60.0,49.4,5.0,20.0,60.0,60.0,52.6,38.2,42.6,
471,"Obsidian & Black Tourmaline Bracelet - Manifestation & Protection Prosperity Crystal Beads Jewelry for Men & Women, Christmas Gift, Gifts for Mother's Day, Valentine's, Birthday, Anniversary, Black Grounding Stone Beaded Bracelet backtoschool",,1504.0,1.12,1.21,7.67,1.0,,Charmed Matrix,手环与手链,,,products_sales_us.csv,60.0,49.4,5.0,20.0,60.0,60.0,52.6,38.2,42.6,
216,[Hot] Vinisay 12A Brazilian Virgin 100% Human Hair Bundles Body Wave Straight Deep Wavy 12''–30'' Quick Weave Sew in Extensions Natural Black,,2509.0,4.59,9513.0,17.16,1.0,,Vinisay Hair Shop,真人发接发&发片,,,products_sales_us.csv,60.0,49.2,5.0,20.0,60.0,60.0,52.4,38.2,42.5,
231,13x6 Deep Wave Lace Front Wigs 30 Inch 4/27 Honey Blonde Human Hair Pre Plucked Highlight Ombre HD Lace Frontal Wig With Baby Hair for Women,,2429.0,17.36,8339.0,60.25,1.0,,Zlzlblbl Hair Factory Store,真人发前蕾丝头套,,,products_sales_us.csv,60.0,48.9,5.0,20.0,60.0,60.0,52.2,38.2,42.4,
241,"Vinisay Hair Bundles with 4x4/13x4 Closure, 12A Raw Indian Body Wave Real Human Hair, Natural Black Sew-in Weave Extensions, Bodywave Hair",,2380.0,6.18,7779.0,22.55,1.0,,Vinisay Hair Shop,真人发接发&发片,,,products_sales_us.csv,60.0,48.7,5.0,20.0,60.0,60.0,52.1,38.2,42.4,
310,Hot Star 613 Blonde and Neon Red 180 Density Straight and Body Wave HD Transparent 13x6 Lace Front Human Hair Wigs for Women Glueless Brazilian hair Lace Frontal PrePlucked Wig,,2036.0,13.63,5.77,368.62,1.0,,Hot Star Hair,真人发前蕾丝头套,,,products_sales_us.csv,60.0,48.6,5.0,20.0,60.0,60.0,52.0,38.2,42.3,
267,Pobokix Burmese Curly 3 IN 1 Half Wigs Human Hair Glueless Wig Human Hair Half Wig Drawstring 200% Density Burmese Curly Hair Half Wig For Women,,2206.0,19.81,4016.0,34.49,1.0,,Pobokix,真人发全机制头套,,,products_sales_us.csv,60.0,48.1,5.0,20.0,60.0,60.0,51.7,38.2,42.2,
345,Cute Bein 40 Inch 613 Blonde 13x6 HD Lace Frontal Wigs Pre Plucked 613 Blonde Corlored Lace Front Human Hair Wigs For Women Can Be Dyed & Restyle,,1868.0,13.66,4.19,257.43,1.0,,Cute Bein Hair Shop,真人发前蕾丝头套,,,products_sales_us.csv,60.0,48.2,5.0,20.0,60.0,60.0,51.8,38.2,42.2,
368,【V Part Wig No.1】Mamushow V Part Wigs With Invisible Strap Drawstring 100% Human Virgin Hair Body Wave Glueless Wig 180% Density Curly Wigs Natural Black #TikTokShopBackToSchool#SohoChic,,1799.0,12.89,3.74,205.09,1.0,,Mamushow Hair Fashion,真人发全机制头套,,,products_sales_us.csv,60.0,48.1,5.0,20.0,60.0,60.0,51.7,38.2,42.2,
498,[Super Deal] Hot Star 40Inch 613 Blonde Body Wave 13x6 HD Transparent Lace Frontal Human Hair Wigs 180% Density Brazilian Hiar Straight 13x4 Lace Front Human Hair Wigs,,1451.0,11.13,1.53,97.52,1.0,,Hot Star Hair,真人发前蕾丝头套,,,products_sales_us.csv,60.0,48.3,5.0,20.0,60.0,60.0,51.8,38.2,42.2,
359,【26“ only $130】Mamushow 3 in 1 Half Wig Burmese Curly 100% Human Virgin Hair Seamless Flip Over Beginner Friendly Glueless Wear & Go Drawstring Clip in Wig Black Color 14-26 Inch 200% Density #TikTokShopBackToSchool#SohoChic,,1833.0,18.35,6469.0,52.11,1.0,,Mamushow Hair Fashion,真人发全机制头套,,,products_sales_us.csv,60.0,46.7,5.0,20.0,60.0,60.0,50.7,38.2,41.8,
369,[30inch only $118]Zlzlblbl 13x6 Deep Wave Lace Front Wig Human Hair Pre Plucked 99J Burgundy HD Lace Front Wigs Wine Red Colored Transparent Lace Front Wig Human Hair Pre Plucked With Baby Hair tiktokshopspringglowup Kinky Curly Wig,,1793.0,12.45,5179.0,37.03,1.0,,Zlzlblbl Hair Factory Store,真人发前蕾丝头套,,,products_sales_us.csv,60.0,46.6,5.0,20.0,60.0,60.0,50.6,38.2,41.7,
414,[3 In 1 Half Wig] Kinky Curly Half Wig Human Hair Beginners Friendly 180% Density Machine Made Burmese Curly Half Wig and V Part Wigs For Women Natural Color,,1655.0,9.84,7513.0,37.21,1.0,,BABOSHOW,真人发全机制头套,,,products_sales_us.csv,60.0,46.1,5.0,20.0,60.0,60.0,50.2,38.2,41.6,
500,"Vinisay 15A Body Wave Raw Human Hair Bundles with 4x4 Closure, Blonde Brown Highlight #T1B/P4/27 Hair Extension, Unprocessed Virgin Weave for Women, Soft, Elastic, Breathable, Casual, All Weather, Elasticity, Breathability, Bundles Of Human Hair",,1449.0,3.71,2654.0,7.29,1.0,,Vinisay Hair Shop,真人发接发&发片,,,products_sales_us.csv,60.0,45.3,5.0,20.0,60.0,60.0,49.7,38.2,41.3,
354,"GOO GOO Hair Extensions Elf Curl Clip in Human Hair Extensions, 7pcs/9pcs 18-24inch curly hair，Elf Curl Clip in Human Hair Double Weft Natural Curl Hair Full Head for Women summer hairstyles #tiktokshopbacktoschool #sohochic",85.4,1848.0,20.34,8919.0,88.68,5.0,,GOO GOO,真人发接发&发片,,,products_sales_us.csv,40.0,46.8,25.0,20.0,60.0,60.0,50.7,36.2,40.8,
251,1 Count Skinlike HD Wig Caps Invisible Breathable Wig Cap,99.0,2313.0,24.99,9727.0,104.63,1.0,,Mamushow Hair Fashion,头绳,,,products_sales_us.csv,40.0,48.5,5.0,20.0,60.0,60.0,51.9,31.2,38.3,
302,1 Count Soft Scrunchies Random Color,99.0,2079.0,22.87,4913.0,54.75,1.0,,Mamushow Hair Fashion,头绳,,,products_sales_us.csv,40.0,47.6,5.0,20.0,60.0,60.0,51.3,31.2,38.0,
